Workbook

Sheet Demand Planning20230927
A1: R/D | AD1: need | AE1: =(AE3+AE5)/(AE4/5) -> 2.5 | AF1: =(AF3+AF5)/(AF4/5) -> 2.9166667 | AG1: =(AG3+AG5)/(AG4/5) -> 2.5 | AH1: =(AH3+AH5)/(AH4/5) -> 2.7272727 | AI1: =(AI3+AI5)/(AI4/5) -> 3.5416667 | AJ1: =(AJ3+AJ5)/(AJ4/5) -> 4.1666667 | AK1: =(AK3+AK5)/(AK4/5) -> 9.0625 | AL1: =(AL3+AL5)/(AL4/5) -> 4.0909091
A2: COMBINED | AD2: days sch | AE2: =AE3/(AE4/5) -> 2.5 | AF2: =AF3/(AF4/5) -> 2.9166667 | AG2: =AG3/(AG4/5) -> 2 | AH2: =AH3/(AH4/5) -> 1.8181818 | AI2: =AI3/(AI4/5) -> 0.625 | AJ2: =AJ3/(AJ4/5) -> 2.9166667 | AK2: =AK3/(AK4/5) -> 5.9375 | AL2: =AL3/(AL4/5) -> 3.6363636
A3: NEED GR | AA3: Add Total Jobs currently scheduled -> | AD3: current | AE3: 6 | AF3: 7 | AG3: 4 | AH3: 4 | AI3: 1.5 | AJ3: 7 | AK3: 9.5 | AL3: 8
A4: NO GREIGE | AD4: Weekly Turns | AE4: 12 | AF4: 12 | AG4: 10 | AH4: 11 | AI4: 12 | AJ4: 12 | AK4: 8 | AL4: 11
A5: MISSING OR INCORRECT INFO | AD5: # sch | AE5: =SUM(AE9:AE104) -> 0 | AF5: =SUM(AF9:AF104) -> 0 | AG5: =SUM(AG9:AG104) -> 1 | AH5: =SUM(AH9:AH104) -> 2 | AI5: =SUM(AI9:AI104) -> 7 | AJ5: =SUM(AJ9:AJ104) -> 3 | AK5: =SUM(AK9:AK104) -> 5 | AL5: =SUM(AL9:AL104) -> 1
A6: ALLOCATED | AD6: # greige rolls | AE6: 1 | AF6: 1 | AG6: 1 | AH6: 2 | AI6: 3 | AJ6: 4 | AK6: 4 | AL6: 4
A7: CONVERT LAST
A8: Plant | B8: item | C8: desc | D8: PA Fin Item | E8: PA WIP Item | F8: Yield | G8: PA Qty | H8: Adaptive Qty | I8: P1 Demand | J8: P2 Demand | K8: P3 Demand | L8: P4 Demand | M8: P1 New | N8: P2 New | O8: P3 New | P8: P4 New | Q8: 45882 | R8: 45883 | S8: 45884 | T8: 45887 | U8: Grand Total | V8: 45241 | W8: 45242 | X8: (blank) | Y8: Yield/greige | Z8: Greige | AA8: Week 2 Order | AB8: Lot Size | AC8: Bal to Sch | AD8: excess jobs | AE8: Jet-01 | AF8: Jet-02 | AG8: Jet-03 | AH8: Jet-04 | AI8: Jet-07 | AJ8: Jet-08 | AK8: Jet-09 | AL8: Jet-10 | AM8: Total lbs Sch | AN8: BAL TO SCH | AO8: Notes
A9: 50 | B9: 210189A | C9: AURA30000/DX9/BLK/63 | D9: FF AURA30000-39064-63 | E9: FF AURA30000-39064-126 | F9: 2.5904762 | G9: 10834 | I9: 3710 | J9: 9646 | K9: 0 | L9: 9010 | M9: 0 | N9: 2522 | O9: 0 | P9: 9010 | Q9: =IFERROR(VLOOKUP($E9,Adaptive!$A:$J,MATCH(Q$8,Adaptive!$4:$4,0),FALSE),0) -> 0 | R9: =IFERROR(VLOOKUP($E9,Adaptive!$A:$J,MATCH(R$8,Adaptive!$4:$4,0),FALSE),0) -> 0 | S9: =IFERROR(VLOOKUP($E9,Adaptive!$A:$J,MATCH(S$8,Adaptive!$4:$4,0),FALSE),0) -> 0 | T9: =IFERROR(VLOOKUP($E9,Adaptive!$A:$J,MATCH(T$8,Adaptive!$4:$4,0),FALSE),0) -> 0 | U9: =IFERROR(VLOOKUP($E9,Adaptive!$A:$J,MATCH(U$8,Adaptive!$4:$4,0),FALSE),0) -> 0 | V9: =IFERROR(VLOOKUP($E9,Adaptive!$A:$J,MATCH(V$8,Adaptive!$4:$4,0),FALSE),0) -> 0 | W9: =IFERROR(VLOOKUP($E9,Adaptive!$A:$J,MATCH(W$8,Adaptive!$4:$4,0),FALSE),0) -> 0 | X9: =IFERROR(VLOOKUP($E9,Adaptive!$A:$J,MATCH(X$8,Adaptive!$4:$4,0),FALSE),0) -> 0 | Y9: =F9*700 -> 1813.3333 | Z9: =_xlfn.XLOOKUP(B9,[1]Xref!$H:$H,[1]Xref!$A:$A) -> AU2958G | AA9: =SUM(M9:P9) -> 11532 | AB9: =ROUNDUP(AA9/Y9,0) -> 7 | AC9: =AB9-SUMPRODUCT(AE9:AL9,$AE$6:$AL$6) -> 3 | AK9: 1 | AM9: =SUMPRODUCT(AE9:AL9,$AE$6:$AL$6)*700 -> 2800 | AN9: =AC9*700 -> 2100
A10: 50 | B10: 220010A | C10: TAFFETAGMW/9874/LAG/63 | D10: FF TAFFETAGMW-39329-63 | E10: FF TAFFETAGMW-39329-189 | F10: 2.1587301587301586 | I10: 0 | J10: 0 | K10: 0 | L10: 0 | M10: 0 | N10: 0 | O10: 0 | P10: 0 | Q10: =IFERROR(VLOOKUP($E10,Adaptive!$A:$J,MATCH(Q$8,Adaptive!$4:$4,0),FALSE),0) -> 0 | R10: =IFERROR(VLOOKUP($E10,Adaptive!$A:$J,MATCH(R$8,Adaptive!$4:$4,0),FALSE),0) -> 0 | S10: =IFERROR(VLOOKUP($E10,Adaptive!$A:$J,MATCH(S$8,Adaptive!$4:$4,0),FALSE),0) -> 0 | T10: =IFERROR(VLOOKUP($E10,Adaptive!$A:$J,MATCH(T$8,Adaptive!$4:$4,0),FALSE),0) -> 0 | U10: =IFERROR(VLOOKUP($E10,Adaptive!$A:$J,MATCH(U$8,Adaptive!$4:$4,0),FALSE),0) -> 0 | V10: =IFERROR(VLOOKUP($E10,Adaptive!$A:$J,MATCH(V$8,Adaptive!$4:$4,0),FALSE),0) -> 0 | W10: =IFERROR(VLOOKUP($E10,Adaptive!$A:$J,MATCH(W$8,Adaptive!$4:$4,0),FALSE),0) -> 0 | X10: =IFERROR(VLOOKUP($E10,Adaptive!$A:$J,MATCH(X$8,Adaptive!$4:$4,0),FALSE),0) -> 0 | Y10: =F10*700 -> 1511.1111 | Z10: =_xlfn.XLOOKUP(B10,[1]Xref!$H:$H,[1]Xref!$A:$A) -> AU4583 210 | AA10: =SUM(M10:P10) -> 0 | AB10: =ROUNDUP(AA10/Y10,0) -> 0 | AC10: =AB10-SUMPRODUCT(AE10:AL10,$AE$6:$AL$6) -> 0 | AM10: =SUMPRODUCT(AE10:AL10,$AE$6:$AL$6)*700 -> 0 | AN10: =AC10*700 -> 0
A11: 50 | B11: 222127 | C11: TAFFETA/600R/JT BLK/60 | D11: FF TAFFETAHP-38712-60 | E11: FF TAFFETAHP-38712-180 | F11: 2.2666666666666666 | I11: 429 | J11: 0 | K11: 0 | L11: 1717 | M11: 429 | N11: 0 | O11: 0 | P11: 1717 | Q11: =IFERROR(VLOOKUP($E11,Adaptive!$A:$J,MATCH(Q$8,Adaptive!$4:$4,0),FALSE),0) -> 0 | R11: =IFERROR(VLOOKUP($E11,Adaptive!$A:$J,MATCH(R$8,Adaptive!$4:$4,0),FALSE),0) -> 0 | S11: =IFERROR(VLOOKUP($E11,Adaptive!$A:$J,MATCH(S$8,Adaptive!$4:$4,0),FALSE),0) -> 0 | T11: =IFERROR(VLOOKUP($E11,Adaptive!$A:$J,MATCH(T$8,Adaptive!$4:$4,0),FALSE),0) -> 0 | U11: =IFERROR(VLOOKUP($E11,Adaptive!$A:$J,MATCH(U$8,Adaptive!$4:$4,0),FALSE),0) -> 0 | V11: =IFERROR(VLOOKUP($E11,Adaptive!$A:$J,MATCH(V$8,Adaptive!$4:$4,0),FALSE),0) -> 0 | W11: =IFERROR(VLOOKUP($E11,Adaptive!$A:$J,MATCH(W$8,Adaptive!$4:$4,0),FALSE),0) -> 0 | X11: =IFERROR(VLOOKUP($E11,Adaptive!$A:$J,MATCH(X$8,Adaptive!$4:$4,0),FALSE),0) -> 0 | Y11: =F11*700 -> 1586.6667 | Z11: =_xlfn.XLOOKUP(B11,[1]Xref!$H:$H,[1]Xref!$A:$A) -> AU4583 210 | AA11: =SUM(M11:P11) -> 2146 | AB11: =ROUNDUP(AA11/Y11,0) -> 2 | AC11: =AB11-SUMPRODUCT(AE11:AL11,$AE$6:$AL$6) -> 2 | AM11: =SUMPRODUCT(AE11:AL11,$AE$6:$AL$6)*700 -> 0 | AN11: =AC11*700 -> 1400
A12: 50 | B12: 223566 | C12: AU3426M/ME/LT GR/62 | D12: FF AU3426M-38840-62 | E12: FF AU3426M-38840-124 | F12: 2.632258064516129 | G12: 6756 | I12: 22447 | J12: 2683 | K12: 23637 | L12: 0 | M12: 15691 | N12: 2683 | O12: 23637 | P12: 0 | Q12: =IFERROR(VLOOKUP($E12,Adaptive!$A:$J,MATCH(Q$8,Adaptive!$4:$4,0),FALSE),0) -> 0 | R12: =IFERROR(VLOOKUP($E12,Adaptive!$A:$J,MATCH(R$8,Adaptive!$4:$4,0),FALSE),0) -> 0 | S12: =IFERROR(VLOOKUP($E12,Adaptive!$A:$J,MATCH(S$8,Adaptive!$4:$4,0),FALSE),0) -> 0 | T12: =IFERROR(VLOOKUP($E12,Adaptive!$A:$J,MATCH(T$8,Adaptive!$4:$4,0),FALSE),0) -> 0 | U12: =IFERROR(VLOOKUP($E12,Adaptive!$A:$J,MATCH(U$8,Adaptive!$4:$4,0),FALSE),0) -> 0 | V12: =IFERROR(VLOOKUP($E12,Adaptive!$A:$J,MATCH(V$8,Adaptive!$4:$4,0),FALSE),0) -> 0 | W12: =IFERROR(VLOOKUP($E12,Adaptive!$A:$J,MATCH(W$8,Adaptive!$4:$4,0),FALSE),0) -> 0 | X12: =IFERROR(VLOOKUP($E12,Adaptive!$A:$J,MATCH(X$8,Adaptive!$4:$4,0),FALSE),0) -> 0 | Y12: =F12*700 -> 1842.5806 | Z12: =_xlfn.XLOOKUP(B12,[1]Xref!$H:$H,[1]Xref!$A:$A) -> AU3426 Wide | AA12: =SUM(M12:P12) -> 42011 | AB12: =ROUNDUP(AA12/Y12,0) -> 23 | AC12: =AB12-SUMPRODUCT(AE12:AL12,$AE$6:$AL$6) -> 23 | AM12: =SUMPRODUCT(AE12:AL12,$AE$6:$AL$6)*700 -> 0 | AN12: =AC12*700 -> 16100
A13: 50 | B13: 225786 | C13: AU3426M/ME/LT GR/73 | D13: FF AU3426M-38840-73 | E13: FF AU3426M-38840-146 | F13: 2.2356164383561645 | I13: 0 | J13: 200 | K13: 0 | L13: 0 | M13: 0 | N13: 0 | O13: 0 | P13: 0 | Q13: =IFERROR(VLOOKUP($E13,Adaptive!$A:$J,MATCH(Q$8,Adaptive!$4:$4,0),FALSE),0) -> 0 | R13: =IFERROR(VLOOKUP($E13,Adaptive!$A:$J,MATCH(R$8,Adaptive!$4:$4,0),FALSE),0) -> 0 | S13: =IFERROR(VLOOKUP($E13,Adaptive!$A:$J,MATCH(S$8,Adaptive!$4:$4,0),FALSE),0) -> 0 | T13: =IFERROR(VLOOKUP($E13,Adaptive!$A:$J,MATCH(T$8,Adaptive!$4:$4,0),FALSE),0) -> 0 | U13: =IFERROR(VLOOKUP($E13,Adaptive!$A:$J,MATCH(U$8,Adaptive!$4:$4,0),FALSE),0) -> 0 | V13: =IFERROR(VLOOKUP($E13,Adaptive!$A:$J,MATCH(V$8,Adaptive!$4:$4,0),FALSE),0) -> 0 | W13: =IFERROR(VLOOKUP($E13,Adaptive!$A:$J,MATCH(W$8,Adaptive!$4:$4,0),FALSE),0) -> 0 | X13: =IFERROR(VLOOKUP($E13,Adaptive!$A:$J,MATCH(X$8,Adaptive!$4:$4,0),FALSE),0) -> 0 | Y13: =F13*700 -> 1564.9315 | Z13: =_xlfn.XLOOKUP(B13,[1]Xref!$H:$H,[1]Xref!$A:$A) -> AU3426 | AA13: =SUM(M13:P13) -> 0 | AB13: =ROUNDUP(AA13/Y13,0) -> 0 | AC13: =AB13-SUMPRODUCT(AE13:AL13,$AE$6:$AL$6) -> 0 | AM13: =SUMPRODUCT(AE13:AL13,$AE$6:$AL$6)*700 -> 0 | AN13: =AC13*700 -> 0
A14: 50 | B14: 226042 | C14: TAFFETA/PACCAR GRAY/65 | D14: FF TAFFETAHP-39869-65 | E14: FF TAFFETAHP-39869-130 | F14: 2.0923076923076924 | G14: 250 | I14: 0 | J14: 0 | K14: 0 | L14: 212 | M14: 0 | N14: 0 | O14: 0 | P14: 0 | Q14: =IFERROR(VLOOKUP($E14,Adaptive!$A:$J,MATCH(Q$8,Adaptive!$4:$4,0),FALSE),0) -> 0 | R14: =IFERROR(VLOOKUP($E14,Adaptive!$A:$J,MATCH(R$8,Adaptive!$4:$4,0),FALSE),0) -> 0 | S14: =IFERROR(VLOOKUP($E14,Adaptive!$A:$J,MATCH(S$8,Adaptive!$4:$4,0),FALSE),0) -> 0 | T14: =IFERROR(VLOOKUP($E14,Adaptive!$A:$J,MATCH(T$8,Adaptive!$4:$4,0),FALSE),0) -> 0 | U14: =IFERROR(VLOOKUP($E14,Adaptive!$A:$J,MATCH(U$8,Adaptive!$4:$4,0),FALSE),0) -> 0 | V14: =IFERROR(VLOOKUP($E14,Adaptive!$A:$J,MATCH(V$8,Adaptive!$4:$4,0),FALSE),0) -> 0 | W14: =IFERROR(VLOOKUP($E14,Adaptive!$A:$J,MATCH(W$8,Adaptive!$4:$4,0),FALSE),0) -> 0 | X14: =IFERROR(VLOOKUP($E14,Adaptive!$A:$J,MATCH(X$8,Adaptive!$4:$4,0),FALSE),0) -> 0 | Y14: =F14*700 -> 1464.6154 | Z14: =_xlfn.XLOOKUP(B14,[1]Xref!$H:$H,[1]Xref!$A:$A) -> AU4583 | AA14: =SUM(M14:P14) -> 0 | AB14: =ROUNDUP(AA14/Y14,0) -> 0 | AC14: =AB14-SUMPRODUCT(AE14:AL14,$AE$6:$AL$6) -> 0 | AM14: =SUMPRODUCT(AE14:AL14,$AE$6:$AL$6)*700 -> 0 | AN14: =AC14*700 -> 0
A15: 12 | B15: 227208A | C15: TR570BD/NH836L/WSGR/66 | D15: FF TR570B-D-39226-66 | E15: FF TR570B-D-39226-132 | F15: 1.8545454545454547 | G15: 233 | I15: 47 | M15: 0 | N15: 0 | O15: 0 | P15: 0 | Q15: =IFERROR(VLOOKUP($E15,Adaptive!$A:$J,MATCH(Q$8,Adaptive!$4:$4,0),FALSE),0) -> 0 | R15: =IFERROR(VLOOKUP($E15,Adaptive!$A:$J,MATCH(R$8,Adaptive!$4:$4,0),FALSE),0) -> 0 | S15: =IFERROR(VLOOKUP($E15,Adaptive!$A:$J,MATCH(S$8,Adaptive!$4:$4,0),FALSE),0) -> 0 | T15: =IFERROR(VLOOKUP($E15,Adaptive!$A:$J,MATCH(T$8,Adaptive!$4:$4,0),FALSE),0) -> 0 | U15: =IFERROR(VLOOKUP($E15,Adaptive!$A:$J,MATCH(U$8,Adaptive!$4:$4,0),FALSE),0) -> 0 | V15: =IFERROR(VLOOKUP($E15,Adaptive!$A:$J,MATCH(V$8,Adaptive!$4:$4,0),FALSE),0) -> 0 | W15: =IFERROR(VLOOKUP($E15,Adaptive!$A:$J,MATCH(W$8,Adaptive!$4:$4,0),FALSE),0) -> 0 | X15: =IFERROR(VLOOKUP($E15,Adaptive!$A:$J,MATCH(X$8,Adaptive!$4:$4,0),FALSE),0) -> 0 | Y15: =F15*700 -> 1298.1818 | Z15: =_xlfn.XLOOKUP(B15,[1]Xref!$H:$H,[1]Xref!$A:$A) -> AU7529 | AA15: =SUM(M15:P15) -> 0 | AB15: =ROUNDUP(AA15/Y15,0) -> 0 | AC15: =AB15-SUMPRODUCT(AE15:AL15,$AE$6:$AL$6) -> 0 | AM15: =SUMPRODUCT(AE15:AL15,$AE$6:$AL$6)*700 -> 0 | AN15: =AC15*700 -> 0
A16: 1250 | B16: 227469 | C16: AU3426M/ME/LT GR/64 | D16: FF AU3426M-38840-64 | E16: FF AU3426M-38840-128 | F16: 2.55 | G16: 4181 | H16: 7998 | I16: 6197 | J16: 1101 | K16: 4158 | L16: 0 | M16: 0 | N16: 0 | O16: 0 | P16: 0 | Q16: =IFERROR(VLOOKUP($E16,Adaptive!$A:$J,MATCH(Q$8,Adaptive!$4:$4,0),FALSE),0) -> 0 | R16: =IFERROR(VLOOKUP($E16,Adaptive!$A:$J,MATCH(R$8,Adaptive!$4:$4,0),FALSE),0) -> 7998 | S16: =IFERROR(VLOOKUP($E16,Adaptive!$A:$J,MATCH(S$8,Adaptive!$4:$4,0),FALSE),0) -> 0 | T16: =IFERROR(VLOOKUP($E16,Adaptive!$A:$J,MATCH(T$8,Adaptive!$4:$4,0),FALSE),0) -> 0 | U16: =IFERROR(VLOOKUP($E16,Adaptive!$A:$J,MATCH(U$8,Adaptive!$4:$4,0),FALSE),0) -> 7998 | V16: =IFERROR(VLOOKUP($E16,Adaptive!$A:$J,MATCH(V$8,Adaptive!$4:$4,0),FALSE),0) -> 0 | W16: =IFERROR(VLOOKUP($E16,Adaptive!$A:$J,MATCH(W$8,Adaptive!$4:$4,0),FALSE),0) -> 0 | X16: =IFERROR(VLOOKUP($E16,Adaptive!$A:$J,MATCH(X$8,Adaptive!$4:$4,0),FALSE),0) -> 0 | Y16: =F16*700 -> 1785 | Z16: =_xlfn.XLOOKUP(B16,[1]Xref!$H:$H,[1]Xref!$A:$A) -> AU3426 Wide | AA16: =SUM(M16:P16) -> 0 | AB16: =ROUNDUP(AA16/Y16,0) -> 0 | AC16: =AB16-SUMPRODUCT(AE16:AL16,$AE$6:$AL$6) -> 0 | AM16: =SUMPRODUCT(AE16:AL16,$AE$6:$AL$6)*700 -> 0 | AN16: =AC16*700 -> 0
A17: 50 | B17: 228149 | C17: TR570B/NH900L/N BK/62 | D17: FF TR570B-39777-62 | E17: FF TR570B-39777-124 | F17: 1.9741935483870965 | G17: 1400 | I17: 5940 | J17: 1484 | K17: 0 | L17: 0 | M17: 4540 | N17: 1484 | O17: 0 | P17: 0 | Q17: =IFERROR(VLOOKUP($E17,Adaptive!$A:$J,MATCH(Q$8,Adaptive!$4:$4,0),FALSE),0) -> 0 | R17: =IFERROR(VLOOKUP($E17,Adaptive!$A:$J,MATCH(R$8,Adaptive!$4:$4,0),FALSE),0) -> 0 | S17: =IFERROR(VLOOKUP($E17,Adaptive!$A:$J,MATCH(S$8,Adaptive!$4:$4,0),FALSE),0) -> 0 | T17: =IFERROR(VLOOKUP($E17,Adaptive!$A:$J,MATCH(T$8,Adaptive!$4:$4,0),FALSE),0) -> 0 | U17: =IFERROR(VLOOKUP($E17,Adaptive!$A:$J,MATCH(U$8,Adaptive!$4:$4,0),FALSE),0) -> 0 | V17: =IFERROR(VLOOKUP($E17,Adaptive!$A:$J,MATCH(V$8,Adaptive!$4:$4,0),FALSE),0) -> 0 | W17: =IFERROR(VLOOKUP($E17,Adaptive!$A:$J,MATCH(W$8,Adaptive!$4:$4,0),FALSE),0) -> 0 | X17: =IFERROR(VLOOKUP($E17,Adaptive!$A:$J,MATCH(X$8,Adaptive!$4:$4,0),FALSE),0) -> 0 | Y17: =F17*700 -> 1381.9355 | Z17: =_xlfn.XLOOKUP(B17,[1]Xref!$H:$H,[1]Xref!$A:$A) -> AU4398 | AA17: =SUM(M17:P17) -> 6024 | AB17: =ROUNDUP(AA17/Y17,0) -> 5 | AC17: =AB17-SUMPRODUCT(AE17:AL17,$AE$6:$AL$6) -> 5 | AM17: =SUMPRODUCT(AE17:AL17,$AE$6:$AL$6)*700 -> 0 | AN17: =AC17*700 -> 3500
A18: 50 | B18: 228150 | C18: TR570B/NH836L/WS GR/62 | D18: FF TR570B-39226-62 | E18: FF TR570B-39226-124 | F18: 1.9741935483870965 | I18: 0 | J18: 0 | K18: 0 | L18: 72 | M18: 0 | N18: 0 | O18: 0 | P18: 0 | Q18: =IFERROR(VLOOKUP($E18,Adaptive!$A:$J,MATCH(Q$8,Adaptive!$4:$4,0),FALSE),0) -> 0 | R18: =IFERROR(VLOOKUP($E18,Adaptive!$A:$J,MATCH(R$8,Adaptive!$4:$4,0),FALSE),0) -> 0 | S18: =IFERROR(VLOOKUP($E18,Adaptive!$A:$J,MATCH(S$8,Adaptive!$4:$4,0),FALSE),0) -> 0 | T18: =IFERROR(VLOOKUP($E18,Adaptive!$A:$J,MATCH(T$8,Adaptive!$4:$4,0),FALSE),0) -> 0 | U18: =IFERROR(VLOOKUP($E18,Adaptive!$A:$J,MATCH(U$8,Adaptive!$4:$4,0),FALSE),0) -> 0 | V18: =IFERROR(VLOOKUP($E18,Adaptive!$A:$J,MATCH(V$8,Adaptive!$4:$4,0),FALSE),0) -> 0 | W18: =IFERROR(VLOOKUP($E18,Adaptive!$A:$J,MATCH(W$8,Adaptive!$4:$4,0),FALSE),0) -> 0 | X18: =IFERROR(VLOOKUP($E18,Adaptive!$A:$J,MATCH(X$8,Adaptive!$4:$4,0),FALSE),0) -> 0 | Y18: =F18*700 -> 1381.9355 | Z18: =_xlfn.XLOOKUP(B18,[1]Xref!$H:$H,[1]Xref!$A:$A) -> AU4398 | AA18: 0 | AB18: =ROUNDUP(AA18/Y18,0) -> 0 | AC18: =AB18-SUMPRODUCT(AE18:AL18,$AE$6:$AL$6) -> 0 | AM18: =SUMPRODUCT(AE18:AL18,$AE$6:$AL$6)*700 -> 0 | AN18: =AC18*700 -> 0
A19: 50 | B19: 228269 | C19: SPRUCE/149B/SHALE/67 | D19: FF SPRUCE-39433-67 | E19: FF SPRUCE-39433-134 | F19: 3.177157689811811 | G19: 1037 | H19: 7782 | I19: 5149 | J19: 0 | K19: 3465 | L19: 4095 | M19: 0 | N19: 0 | O19: 0 | P19: 3890 | Q19: =IFERROR(VLOOKUP($E19,Adaptive!$A:$J,MATCH(Q$8,Adaptive!$4:$4,0),FALSE),0) -> 7782 | R19: =IFERROR(VLOOKUP($E19,Adaptive!$A:$J,MATCH(R$8,Adaptive!$4:$4,0),FALSE),0) -> 0 | S19: =IFERROR(VLOOKUP($E19,Adaptive!$A:$J,MATCH(S$8,Adaptive!$4:$4,0),FALSE),0) -> 0 | T19: =IFERROR(VLOOKUP($E19,Adaptive!$A:$J,MATCH(T$8,Adaptive!$4:$4,0),FALSE),0) -> 0 | U19: =IFERROR(VLOOKUP($E19,Adaptive!$A:$J,MATCH(U$8,Adaptive!$4:$4,0),FALSE),0) -> 7782 | V19: =IFERROR(VLOOKUP($E19,Adaptive!$A:$J,MATCH(V$8,Adaptive!$4:$4,0),FALSE),0) -> 0 | W19: =IFERROR(VLOOKUP($E19,Adaptive!$A:$J,MATCH(W$8,Adaptive!$4:$4,0),FALSE),0) -> 0 | X19: =IFERROR(VLOOKUP($E19,Adaptive!$A:$J,MATCH(X$8,Adaptive!$4:$4,0),FALSE),0) -> 0 | Y19: =F19*700 -> 2224.0104 | Z19: =_xlfn.XLOOKUP(B19,[1]Xref!$H:$H,[1]Xref!$A:$A) -> AU1148G36 | AA19: =SUM(M19:P19) -> 3890 | AB19: =ROUNDUP(AA19/Y19,0) -> 2 | AC19: =AB19-SUMPRODUCT(AE19:AL19,$AE$6:$AL$6) -> 2 | AM19: =SUMPRODUCT(AE19:AL19,$AE$6:$AL$6)*700 -> 0 | AN19: =AC19*700 -> 1400
A20: 50 | B20: 228653 | C20: TR570B/NH900L/N BK/66 | D20: FF TR570B-39777-66 | E20: FF TR570B-39777-132 | F20: 1.8545454545454547 | G20: 777 | I20: 0 | J20: 612 | K20: 0 | L20: 636 | M20: 0 | N20: 0 | O20: 0 | P20: 471 | Q20: =IFERROR(VLOOKUP($E20,Adaptive!$A:$J,MATCH(Q$8,Adaptive!$4:$4,0),FALSE),0) -> 0 | R20: =IFERROR(VLOOKUP($E20,Adaptive!$A:$J,MATCH(R$8,Adaptive!$4:$4,0),FALSE),0) -> 0 | S20: =IFERROR(VLOOKUP($E20,Adaptive!$A:$J,MATCH(S$8,Adaptive!$4:$4,0),FALSE),0) -> 0 | T20: =IFERROR(VLOOKUP($E20,Adaptive!$A:$J,MATCH(T$8,Adaptive!$4:$4,0),FALSE),0) -> 0 | U20: =IFERROR(VLOOKUP($E20,Adaptive!$A:$J,MATCH(U$8,Adaptive!$4:$4,0),FALSE),0) -> 0 | V20: =IFERROR(VLOOKUP($E20,Adaptive!$A:$J,MATCH(V$8,Adaptive!$4:$4,0),FALSE),0) -> 0 | W20: =IFERROR(VLOOKUP($E20,Adaptive!$A:$J,MATCH(W$8,Adaptive!$4:$4,0),FALSE),0) -> 0 | X20: =IFERROR(VLOOKUP($E20,Adaptive!$A:$J,MATCH(X$8,Adaptive!$4:$4,0),FALSE),0) -> 0 | Y20: =F20*700 -> 1298.1818 | Z20: =_xlfn.XLOOKUP(B20,[1]Xref!$H:$H,[1]Xref!$A:$A) -> AU4398 | AA20: 0 | AB20: =ROUNDUP(AA20/Y20,0) -> 0 | AC20: =AB20-SUMPRODUCT(AE20:AL20,$AE$6:$AL$6) -> 0 | AM20: =SUMPRODUCT(AE20:AL20,$AE$6:$AL$6)*700 -> 0 | AN20: =AC20*700 -> 0
A21: 12 | B21: 228653A | C21: TR570BD/NH900L/N BK/66 | D21: FF TR570B-D-39777-66 | E21: FF TR570B-D-39777-132 | F21: 1.8545454545454547 | J21: 1417 | M21: 0 | N21: 1417 | Q21: =IFERROR(VLOOKUP($E21,Adaptive!$A:$J,MATCH(Q$8,Adaptive!$4:$4,0),FALSE),0) -> 0 | R21: =IFERROR(VLOOKUP($E21,Adaptive!$A:$J,MATCH(R$8,Adaptive!$4:$4,0),FALSE),0) -> 0 | S21: =IFERROR(VLOOKUP($E21,Adaptive!$A:$J,MATCH(S$8,Adaptive!$4:$4,0),FALSE),0) -> 0 | T21: =IFERROR(VLOOKUP($E21,Adaptive!$A:$J,MATCH(T$8,Adaptive!$4:$4,0),FALSE),0) -> 0 | U21: =IFERROR(VLOOKUP($E21,Adaptive!$A:$J,MATCH(U$8,Adaptive!$4:$4,0),FALSE),0) -> 0 | V21: =IFERROR(VLOOKUP($E21,Adaptive!$A:$J,MATCH(V$8,Adaptive!$4:$4,0),FALSE),0) -> 0 | W21: =IFERROR(VLOOKUP($E21,Adaptive!$A:$J,MATCH(W$8,Adaptive!$4:$4,0),FALSE),0) -> 0 | X21: =IFERROR(VLOOKUP($E21,Adaptive!$A:$J,MATCH(X$8,Adaptive!$4:$4,0),FALSE),0) -> 0 | Y21: =F21*700 -> 1298.1818 | Z21: =_xlfn.XLOOKUP(B21,[1]Xref!$H:$H,[1]Xref!$A:$A) -> AU7529 | AA21: =SUM(M21:P21) -> 1417 | AB21: =ROUNDUP(AA21/Y21,0) -> 2 | AC21: =AB21-SUMPRODUCT(AE21:AL21,$AE$6:$AL$6) -> 2 | AM21: =SUMPRODUCT(AE21:AL21,$AE$6:$AL$6)*700 -> 0 | AN21: =AC21*700 -> 1400
A22: 50 | B22: 228669 | C22: AU3426MSS/ME/LT GR/53 | D22: FF AU3426MSS-38840-53 | E22: FF AU3426MSS-38840-106 | F22: 3.0792452830188677 | I22: 0 | J22: 0 | K22: 242 | L22: 0 | M22: 0 | N22: 0 | O22: 242 | P22: 0 | Q22: =IFERROR(VLOOKUP($E22,Adaptive!$A:$J,MATCH(Q$8,Adaptive!$4:$4,0),FALSE),0) -> 0 | R22: =IFERROR(VLOOKUP($E22,Adaptive!$A:$J,MATCH(R$8,Adaptive!$4:$4,0),FALSE),0) -> 0 | S22: =IFERROR(VLOOKUP($E22,Adaptive!$A:$J,MATCH(S$8,Adaptive!$4:$4,0),FALSE),0) -> 0 | T22: =IFERROR(VLOOKUP($E22,Adaptive!$A:$J,MATCH(T$8,Adaptive!$4:$4,0),FALSE),0) -> 0 | U22: =IFERROR(VLOOKUP($E22,Adaptive!$A:$J,MATCH(U$8,Adaptive!$4:$4,0),FALSE),0) -> 0 | V22: =IFERROR(VLOOKUP($E22,Adaptive!$A:$J,MATCH(V$8,Adaptive!$4:$4,0),FALSE),0) -> 0 | W22: =IFERROR(VLOOKUP($E22,Adaptive!$A:$J,MATCH(W$8,Adaptive!$4:$4,0),FALSE),0) -> 0 | X22: =IFERROR(VLOOKUP($E22,Adaptive!$A:$J,MATCH(X$8,Adaptive!$4:$4,0),FALSE),0) -> 0 | Y22: =F22*700 -> 2155.4717 | Z22: =_xlfn.XLOOKUP(B22,[1]Xref!$H:$H,[1]Xref!$A:$A) -> AU3426 | AA22: =SUM(M22:P22) -> 242 | AB22: =ROUNDUP(AA22/Y22,0) -> 1 | AC22: =AB22-SUMPRODUCT(AE22:AL22,$AE$6:$AL$6) -> 1 | AM22: =SUMPRODUCT(AE22:AL22,$AE$6:$AL$6)*700 -> 0 | AN22: =AC22*700 -> 700
A23: 50 | B23: 229174 | C23: AU3426MSS/JC/BLACK/53 | D23: FF AU3426MSS-39858-53 | E23: FF AU3426MSS-39858-106 | F23: 3.0792452830188677 | I23: 0 | J23: 0 | K23: 0 | L23: 0 | M23: 0 | N23: 0 | O23: 0 | P23: 0 | Q23: =IFERROR(VLOOKUP($E23,Adaptive!$A:$J,MATCH(Q$8,Adaptive!$4:$4,0),FALSE),0) -> 0 | R23: =IFERROR(VLOOKUP($E23,Adaptive!$A:$J,MATCH(R$8,Adaptive!$4:$4,0),FALSE),0) -> 0 | S23: =IFERROR(VLOOKUP($E23,Adaptive!$A:$J,MATCH(S$8,Adaptive!$4:$4,0),FALSE),0) -> 0 | T23: =IFERROR(VLOOKUP($E23,Adaptive!$A:$J,MATCH(T$8,Adaptive!$4:$4,0),FALSE),0) -> 0 | U23: =IFERROR(VLOOKUP($E23,Adaptive!$A:$J,MATCH(U$8,Adaptive!$4:$4,0),FALSE),0) -> 0 | V23: =IFERROR(VLOOKUP($E23,Adaptive!$A:$J,MATCH(V$8,Adaptive!$4:$4,0),FALSE),0) -> 0 | W23: =IFERROR(VLOOKUP($E23,Adaptive!$A:$J,MATCH(W$8,Adaptive!$4:$4,0),FALSE),0) -> 0 | X23: =IFERROR(VLOOKUP($E23,Adaptive!$A:$J,MATCH(X$8,Adaptive!$4:$4,0),FALSE),0) -> 0 | Y23: =F23*700 -> 2155.4717 | Z23: =_xlfn.XLOOKUP(B23,[1]Xref!$H:$H,[1]Xref!$A:$A) -> AU3426 | AA23: =SUM(M23:P23) -> 0 | AB23: =ROUNDUP(AA23/Y23,0) -> 0 | AC23: =AB23-SUMPRODUCT(AE23:AL23,$AE$6:$AL$6) -> 0 | AM23: =SUMPRODUCT(AE23:AL23,$AE$6:$AL$6)*700 -> 0 | AN23: =AC23*700 -> 0
A24: 50 | B24: 229961 | C24: TR570B/NH882L/PL GR/48 | D24: FF TR570B-39789-48 | E24: FF TR570B-39789-144 | F24: 2.55 | G24: 2071 | I24: 5867 | J24: 12508 | K24: 0 | L24: 0 | M24: 3796 | N24: 12508 | O24: 0 | P24: 0 | Q24: =IFERROR(VLOOKUP($E24,Adaptive!$A:$J,MATCH(Q$8,Adaptive!$4:$4,0),FALSE),0) -> 0 | R24: =IFERROR(VLOOKUP($E24,Adaptive!$A:$J,MATCH(R$8,Adaptive!$4:$4,0),FALSE),0) -> 0 | S24: =IFERROR(VLOOKUP($E24,Adaptive!$A:$J,MATCH(S$8,Adaptive!$4:$4,0),FALSE),0) -> 0 | T24: =IFERROR(VLOOKUP($E24,Adaptive!$A:$J,MATCH(T$8,Adaptive!$4:$4,0),FALSE),0) -> 0 | U24: =IFERROR(VLOOKUP($E24,Adaptive!$A:$J,MATCH(U$8,Adaptive!$4:$4,0),FALSE),0) -> 0 | V24: =IFERROR(VLOOKUP($E24,Adaptive!$A:$J,MATCH(V$8,Adaptive!$4:$4,0),FALSE),0) -> 0 | W24: =IFERROR(VLOOKUP($E24,Adaptive!$A:$J,MATCH(W$8,Adaptive!$4:$4,0),FALSE),0) -> 0 | X24: =IFERROR(VLOOKUP($E24,Adaptive!$A:$J,MATCH(X$8,Adaptive!$4:$4,0),FALSE),0) -> 0 | Y24: =F24*700 -> 1785 | Z24: =_xlfn.XLOOKUP(B24,[1]Xref!$H:$H,[1]Xref!$A:$A) -> AU4398 | AA24: =SUM(M24:P24) -> 16304 | AB24: =ROUNDUP(AA24/Y24,0) -> 10 | AC24: =AB24-SUMPRODUCT(AE24:AL24,$AE$6:$AL$6) -> 10 | AM24: =SUMPRODUCT(AE24:AL24,$AE$6:$AL$6)*700 -> 0 | AN24: =AC24*700 -> 7000
A25: 50 | B25: 229962 | C25: TR570BSS/NH900L/NB/48 | D25: FF TR570B-39777-48 | E25: FF TR570B-39777-144 | F25: 2.55 | H25: 8400 | I25: 0 | J25: 5875 | K25: 0 | L25: 0 | M25: 0 | N25: 0 | O25: 0 | P25: 0 | Q25: =IFERROR(VLOOKUP($E25,Adaptive!$A:$J,MATCH(Q$8,Adaptive!$4:$4,0),FALSE),0) -> 0 | R25: =IFERROR(VLOOKUP($E25,Adaptive!$A:$J,MATCH(R$8,Adaptive!$4:$4,0),FALSE),0) -> 8400 | S25: =IFERROR(VLOOKUP($E25,Adaptive!$A:$J,MATCH(S$8,Adaptive!$4:$4,0),FALSE),0) -> 0 | T25: =IFERROR(VLOOKUP($E25,Adaptive!$A:$J,MATCH(T$8,Adaptive!$4:$4,0),FALSE),0) -> 0 | U25: =IFERROR(VLOOKUP($E25,Adaptive!$A:$J,MATCH(U$8,Adaptive!$4:$4,0),FALSE),0) -> 8400 | V25: =IFERROR(VLOOKUP($E25,Adaptive!$A:$J,MATCH(V$8,Adaptive!$4:$4,0),FALSE),0) -> 0 | W25: =IFERROR(VLOOKUP($E25,Adaptive!$A:$J,MATCH(W$8,Adaptive!$4:$4,0),FALSE),0) -> 0 | X25: =IFERROR(VLOOKUP($E25,Adaptive!$A:$J,MATCH(X$8,Adaptive!$4:$4,0),FALSE),0) -> 0 | Y25: =F25*700 -> 1785 | Z25: =_xlfn.XLOOKUP(B25,[1]Xref!$H:$H,[1]Xref!$A:$A) -> AU4398 | AA25: =SUM(M25:P25) -> 0 | AB25: =ROUNDUP(AA25/Y25,0) -> 0 | AC25: =AB25-SUMPRODUCT(AE25:AL25,$AE$6:$AL$6) -> 0 | AM25: =SUMPRODUCT(AE25:AL25,$AE$6:$AL$6)*700 -> 0 | AN25: =AC25*700 -> 0
A26: 50 | B26: 231553 | C26: ARCTICSS/600R/JT BK/73 | D26: FF ARCTIC-39811-73 | E26: FF ARCTIC-39811-146 | F26: 2.4840182648401825 | H26: 3300 | I26: 0 | J26: 3392 | K26: 0 | L26: 0 | M26: 0 | N26: 0 | O26: 0 | P26: 0 | Q26: =IFERROR(VLOOKUP($E26,Adaptive!$A:$J,MATCH(Q$8,Adaptive!$4:$4,0),FALSE),0) -> 0 | R26: =IFERROR(VLOOKUP($E26,Adaptive!$A:$J,MATCH(R$8,Adaptive!$4:$4,0),FALSE),0) -> 3300 | S26: =IFERROR(VLOOKUP($E26,Adaptive!$A:$J,MATCH(S$8,Adaptive!$4:$4,0),FALSE),0) -> 0 | T26: =IFERROR(VLOOKUP($E26,Adaptive!$A:$J,MATCH(T$8,Adaptive!$4:$4,0),FALSE),0) -> 0 | U26: =IFERROR(VLOOKUP($E26,Adaptive!$A:$J,MATCH(U$8,Adaptive!$4:$4,0),FALSE),0) -> 3300 | V26: =IFERROR(VLOOKUP($E26,Adaptive!$A:$J,MATCH(V$8,Adaptive!$4:$4,0),FALSE),0) -> 0 | W26: =IFERROR(VLOOKUP($E26,Adaptive!$A:$J,MATCH(W$8,Adaptive!$4:$4,0),FALSE),0) -> 0 | X26: =IFERROR(VLOOKUP($E26,Adaptive!$A:$J,MATCH(X$8,Adaptive!$4:$4,0),FALSE),0) -> 0 | Y26: =F26*700 -> 1738.8128 | Z26: =_xlfn.XLOOKUP(B26,[1]Xref!$H:$H,[1]Xref!$A:$A) -> AU5429D | AA26: =SUM(M26:P26) -> 0 | AB26: =ROUNDUP(AA26/Y26,0) -> 0 | AC26: =AB26-SUMPRODUCT(AE26:AL26,$AE$6:$AL$6) -> 0 | AM26: =SUMPRODUCT(AE26:AL26,$AE$6:$AL$6)*700 -> 0 | AN26: =AC26*700 -> 0
A27: 50 | B27: 232162 | C27: MESA/KZ67A/KZ67/45 | D27: FF MESASS-39833-45 | E27: FF MESASS-39833-135 | F27: 3.6266666666666665 | I27: 0 | J27: 1683 | K27: 0 | L27: 0 | M27: 0 | N27: 1683 | O27: 0 | P27: 0 | Q27: =IFERROR(VLOOKUP($E27,Adaptive!$A:$J,MATCH(Q$8,Adaptive!$4:$4,0),FALSE),0) -> 0 | R27: =IFERROR(VLOOKUP($E27,Adaptive!$A:$J,MATCH(R$8,Adaptive!$4:$4,0),FALSE),0) -> 0 | S27: =IFERROR(VLOOKUP($E27,Adaptive!$A:$J,MATCH(S$8,Adaptive!$4:$4,0),FALSE),0) -> 0 | T27: =IFERROR(VLOOKUP($E27,Adaptive!$A:$J,MATCH(T$8,Adaptive!$4:$4,0),FALSE),0) -> 0 | U27: =IFERROR(VLOOKUP($E27,Adaptive!$A:$J,MATCH(U$8,Adaptive!$4:$4,0),FALSE),0) -> 0 | V27: =IFERROR(VLOOKUP($E27,Adaptive!$A:$J,MATCH(V$8,Adaptive!$4:$4,0),FALSE),0) -> 0 | W27: =IFERROR(VLOOKUP($E27,Adaptive!$A:$J,MATCH(W$8,Adaptive!$4:$4,0),FALSE),0) -> 0 | X27: =IFERROR(VLOOKUP($E27,Adaptive!$A:$J,MATCH(X$8,Adaptive!$4:$4,0),FALSE),0) -> 0 | Y27: =F27*700 -> 2538.6667 | Z27: =_xlfn.XLOOKUP(B27,[1]Xref!$H:$H,[1]Xref!$A:$A) -> AU3426 | AA27: =SUM(M27:P27) -> 1683 | AB27: =ROUNDUP(AA27/Y27,0) -> 1 | AC27: =AB27-SUMPRODUCT(AE27:AL27,$AE$6:$AL$6) -> 1 | AM27: =SUMPRODUCT(AE27:AL27,$AE$6:$AL$6)*700 -> 0 | AN27: =AC27*700 -> 700
A28: 12 | B28: 232562 | C28: MOLTO/016B/LEX WHT/57 | D28: FF MOLTO-NA-40409-57 | E28: FF MOLTO-NA-40409-114 | F28: 1.8275475923852182 | M28: 0 | N28: 0 | O28: 0 | P28: 0 | Q28: =IFERROR(VLOOKUP($E28,Adaptive!$A:$J,MATCH(Q$8,Adaptive!$4:$4,0),FALSE),0) -> 0 | R28: =IFERROR(VLOOKUP($E28,Adaptive!$A:$J,MATCH(R$8,Adaptive!$4:$4,0),FALSE),0) -> 0 | S28: =IFERROR(VLOOKUP($E28,Adaptive!$A:$J,MATCH(S$8,Adaptive!$4:$4,0),FALSE),0) -> 0 | T28: =IFERROR(VLOOKUP($E28,Adaptive!$A:$J,MATCH(T$8,Adaptive!$4:$4,0),FALSE),0) -> 0 | U28: =IFERROR(VLOOKUP($E28,Adaptive!$A:$J,MATCH(U$8,Adaptive!$4:$4,0),FALSE),0) -> 0 | V28: =IFERROR(VLOOKUP($E28,Adaptive!$A:$J,MATCH(V$8,Adaptive!$4:$4,0),FALSE),0) -> 0 | W28: =IFERROR(VLOOKUP($E28,Adaptive!$A:$J,MATCH(W$8,Adaptive!$4:$4,0),FALSE),0) -> 0 | X28: =IFERROR(VLOOKUP($E28,Adaptive!$A:$J,MATCH(X$8,Adaptive!$4:$4,0),FALSE),0) -> 0 | Y28: =F28*700 -> 1279.2833 | Z28: =_xlfn.XLOOKUP(B28,[1]Xref!$H:$H,[1]Xref!$A:$A) -> AU6563 | AA28: =SUM(M28:P28) -> 0 | AB28: =ROUNDUP(AA28/Y28,0) -> 0 | AC28: =AB28-SUMPRODUCT(AE28:AL28,$AE$6:$AL$6) -> 0 | AM28: =SUMPRODUCT(AE28:AL28,$AE$6:$AL$6)*700 -> 0 | AN28: =AC28*700 -> 0
A29: 50 | B29: 232983 | C29: AURA30000/TX7/G BLK/68 | D29: FF AURA30000-40359-68 | E29: FF AURA30000-40359-136 | F29: 2.4 | G29: 11215 | H29: 14764 | I29: 10356 | J29: 12508 | K29: 5512 | L29: 37649 | M29: 0 | N29: 0 | O29: 2397 | P29: 37649 | Q29: =IFERROR(VLOOKUP($E29,Adaptive!$A:$J,MATCH(Q$8,Adaptive!$4:$4,0),FALSE),0) -> 0 | R29: =IFERROR(VLOOKUP($E29,Adaptive!$A:$J,MATCH(R$8,Adaptive!$4:$4,0),FALSE),0) -> 14764 | S29: =IFERROR(VLOOKUP($E29,Adaptive!$A:$J,MATCH(S$8,Adaptive!$4:$4,0),FALSE),0) -> 0 | T29: =IFERROR(VLOOKUP($E29,Adaptive!$A:$J,MATCH(T$8,Adaptive!$4:$4,0),FALSE),0) -> 0 | U29: =IFERROR(VLOOKUP($E29,Adaptive!$A:$J,MATCH(U$8,Adaptive!$4:$4,0),FALSE),0) -> 14764 | V29: =IFERROR(VLOOKUP($E29,Adaptive!$A:$J,MATCH(V$8,Adaptive!$4:$4,0),FALSE),0) -> 0 | W29: =IFERROR(VLOOKUP($E29,Adaptive!$A:$J,MATCH(W$8,Adaptive!$4:$4,0),FALSE),0) -> 0 | X29: =IFERROR(VLOOKUP($E29,Adaptive!$A:$J,MATCH(X$8,Adaptive!$4:$4,0),FALSE),0) -> 0 | Y29: =F29*700 -> 1680 | Z29: =_xlfn.XLOOKUP(B29,[1]Xref!$H:$H,[1]Xref!$A:$A) -> AU2958A | AA29: =SUM(M29:P29) -> 40046 | AB29: =ROUNDUP(AA29/Y29,0) -> 24 | AC29: =AB29-SUMPRODUCT(AE29:AL29,$AE$6:$AL$6) -> 24 | AM29: =SUMPRODUCT(AE29:AL29,$AE$6:$AL$6)*700 -> 0 | AN29: =AC29*700 -> 16800
A30: 12 | B30: 233117 | C30: MESA/KZ22A/PK82/62 | D30: FF MESA-39307-62 | E30: FF MESA-39307-124 | F30: 2.632258064516129 | G30: 2307 | I30: 3148 | J30: 1689 | M30: 841 | N30: 1689 | Q30: =IFERROR(VLOOKUP($E30,Adaptive!$A:$J,MATCH(Q$8,Adaptive!$4:$4,0),FALSE),0) -> 0 | R30: =IFERROR(VLOOKUP($E30,Adaptive!$A:$J,MATCH(R$8,Adaptive!$4:$4,0),FALSE),0) -> 0 | S30: =IFERROR(VLOOKUP($E30,Adaptive!$A:$J,MATCH(S$8,Adaptive!$4:$4,0),FALSE),0) -> 0 | T30: =IFERROR(VLOOKUP($E30,Adaptive!$A:$J,MATCH(T$8,Adaptive!$4:$4,0),FALSE),0) -> 0 | U30: =IFERROR(VLOOKUP($E30,Adaptive!$A:$J,MATCH(U$8,Adaptive!$4:$4,0),FALSE),0) -> 0 | V30: =IFERROR(VLOOKUP($E30,Adaptive!$A:$J,MATCH(V$8,Adaptive!$4:$4,0),FALSE),0) -> 0 | W30: =IFERROR(VLOOKUP($E30,Adaptive!$A:$J,MATCH(W$8,Adaptive!$4:$4,0),FALSE),0) -> 0 | X30: =IFERROR(VLOOKUP($E30,Adaptive!$A:$J,MATCH(X$8,Adaptive!$4:$4,0),FALSE),0) -> 0 | Y30: =F30*700 -> 1842.5806 | Z30: =_xlfn.XLOOKUP(B30,[1]Xref!$H:$H,[1]Xref!$A:$A) -> AU3426A | AA30: =SUM(M30:P30) -> 2530 | AB30: =ROUNDUP(AA30/Y30,0) -> 2 | AC30: =AB30-SUMPRODUCT(AE30:AL30,$AE$6:$AL$6) -> 2 | AM30: =SUMPRODUCT(AE30:AL30,$AE$6:$AL$6)*700 -> 0 | AN30: =AC30*700 -> 1400
A31: 50 | B31: 233169 | C31: MESA/KZ67A/KZ67/58 | D31: FF MESA-39327-58 | E31: FF MESA-39327-116 | F31: 2.8137931034482753 | G31: 11816 | I31: 9492 | J31: 0 | K31: 0 | L31: 0 | M31: 0 | N31: 0 | O31: 0 | P31: 0 | Q31: =IFERROR(VLOOKUP($E31,Adaptive!$A:$J,MATCH(Q$8,Adaptive!$4:$4,0),FALSE),0) -> 0 | R31: =IFERROR(VLOOKUP($E31,Adaptive!$A:$J,MATCH(R$8,Adaptive!$4:$4,0),FALSE),0) -> 0 | S31: =IFERROR(VLOOKUP($E31,Adaptive!$A:$J,MATCH(S$8,Adaptive!$4:$4,0),FALSE),0) -> 0 | T31: =IFERROR(VLOOKUP($E31,Adaptive!$A:$J,MATCH(T$8,Adaptive!$4:$4,0),FALSE),0) -> 0 | U31: =IFERROR(VLOOKUP($E31,Adaptive!$A:$J,MATCH(U$8,Adaptive!$4:$4,0),FALSE),0) -> 0 | V31: =IFERROR(VLOOKUP($E31,Adaptive!$A:$J,MATCH(V$8,Adaptive!$4:$4,0),FALSE),0) -> 0 | W31: =IFERROR(VLOOKUP($E31,Adaptive!$A:$J,MATCH(W$8,Adaptive!$4:$4,0),FALSE),0) -> 0 | X31: =IFERROR(VLOOKUP($E31,Adaptive!$A:$J,MATCH(X$8,Adaptive!$4:$4,0),FALSE),0) -> 0 | Y31: =F31*700 -> 1969.6552 | Z31: =_xlfn.XLOOKUP(B31,[1]Xref!$H:$H,[1]Xref!$A:$A) -> AU3426 | AA31: =SUM(M31:P31) -> 0 | AB31: =ROUNDUP(AA31/Y31,0) -> 0 | AC31: =AB31-SUMPRODUCT(AE31:AL31,$AE$6:$AL$6) -> 0 | AM31: =SUMPRODUCT(AE31:AL31,$AE$6:$AL$6)*700 -> 0 | AN31: =AC31*700 -> 0
A32: 50 | B32: 233981 | C32: ARCTICSS/999K/DAGR/73 | D32: FF ARCTIC-40416-73 | E32: FF ARCTIC-40416-146 | F32: 2.4840182648401825 | G32: 2080 | I32: 756 | J32: 1908 | K32: 0 | L32: 954 | M32: 0 | N32: 584 | O32: 0 | P32: 954 | Q32: =IFERROR(VLOOKUP($E32,Adaptive!$A:$J,MATCH(Q$8,Adaptive!$4:$4,0),FALSE),0) -> 0 | R32: =IFERROR(VLOOKUP($E32,Adaptive!$A:$J,MATCH(R$8,Adaptive!$4:$4,0),FALSE),0) -> 0 | S32: =IFERROR(VLOOKUP($E32,Adaptive!$A:$J,MATCH(S$8,Adaptive!$4:$4,0),FALSE),0) -> 0 | T32: =IFERROR(VLOOKUP($E32,Adaptive!$A:$J,MATCH(T$8,Adaptive!$4:$4,0),FALSE),0) -> 0 | U32: =IFERROR(VLOOKUP($E32,Adaptive!$A:$J,MATCH(U$8,Adaptive!$4:$4,0),FALSE),0) -> 0 | V32: =IFERROR(VLOOKUP($E32,Adaptive!$A:$J,MATCH(V$8,Adaptive!$4:$4,0),FALSE),0) -> 0 | W32: =IFERROR(VLOOKUP($E32,Adaptive!$A:$J,MATCH(W$8,Adaptive!$4:$4,0),FALSE),0) -> 0 | X32: =IFERROR(VLOOKUP($E32,Adaptive!$A:$J,MATCH(X$8,Adaptive!$4:$4,0),FALSE),0) -> 0 | Y32: =F32*700 -> 1738.8128 | Z32: =_xlfn.XLOOKUP(B32,[1]Xref!$H:$H,[1]Xref!$A:$A) -> AU5429D | AA32: =SUM(M32:P32) -> 1538 | AB32: =ROUNDUP(AA32/Y32,0) -> 1 | AC32: =AB32-SUMPRODUCT(AE32:AL32,$AE$6:$AL$6) -> 1 | AM32: =SUMPRODUCT(AE32:AL32,$AE$6:$AL$6)*700 -> 0 | AN32: =AC32*700 -> 700
A33: 50 | B33: 233982 | C33: ARCTICSS/309X/VDA/73 | D33: FF ARCTIC-40415-73 | E33: FF ARCTIC-40415-146 | F33: 2.4840182648401825 | I33: 0 | J33: 0 | K33: 0 | L33: 0 | M33: 0 | N33: 0 | O33: 0 | P33: 0 | Q33: =IFERROR(VLOOKUP($E33,Adaptive!$A:$J,MATCH(Q$8,Adaptive!$4:$4,0),FALSE),0) -> 0 | R33: =IFERROR(VLOOKUP($E33,Adaptive!$A:$J,MATCH(R$8,Adaptive!$4:$4,0),FALSE),0) -> 0 | S33: =IFERROR(VLOOKUP($E33,Adaptive!$A:$J,MATCH(S$8,Adaptive!$4:$4,0),FALSE),0) -> 0 | T33: =IFERROR(VLOOKUP($E33,Adaptive!$A:$J,MATCH(T$8,Adaptive!$4:$4,0),FALSE),0) -> 0 | U33: =IFERROR(VLOOKUP($E33,Adaptive!$A:$J,MATCH(U$8,Adaptive!$4:$4,0),FALSE),0) -> 0 | V33: =IFERROR(VLOOKUP($E33,Adaptive!$A:$J,MATCH(V$8,Adaptive!$4:$4,0),FALSE),0) -> 0 | W33: =IFERROR(VLOOKUP($E33,Adaptive!$A:$J,MATCH(W$8,Adaptive!$4:$4,0),FALSE),0) -> 0 | X33: =IFERROR(VLOOKUP($E33,Adaptive!$A:$J,MATCH(X$8,Adaptive!$4:$4,0),FALSE),0) -> 0 | Y33: =F33*700 -> 1738.8128 | Z33: =_xlfn.XLOOKUP(B33,[1]Xref!$H:$H,[1]Xref!$A:$A) -> AU5429D | AA33: =SUM(M33:P33) -> 0 | AB33: =ROUNDUP(AA33/Y33,0) -> 0 | AC33: =AB33-SUMPRODUCT(AE33:AL33,$AE$6:$AL$6) -> 0 | AM33: =SUMPRODUCT(AE33:AL33,$AE$6:$AL$6)*700 -> 0 | AN33: =AC33*700 -> 0
A34: 50 | B34: 234060 | C34: TAFFETA/PACCAR GRAY/50 | D34: FF TAFFETAHP-39869-50 | E34: FF TAFFETAHP-39869-150 | F34: 2.72 | I34: 0 | J34: 0 | K34: 0 | L34: 1936 | M34: 0 | N34: 0 | O34: 0 | P34: 1936 | Q34: =IFERROR(VLOOKUP($E34,Adaptive!$A:$J,MATCH(Q$8,Adaptive!$4:$4,0),FALSE),0) -> 0 | R34: =IFERROR(VLOOKUP($E34,Adaptive!$A:$J,MATCH(R$8,Adaptive!$4:$4,0),FALSE),0) -> 0 | S34: =IFERROR(VLOOKUP($E34,Adaptive!$A:$J,MATCH(S$8,Adaptive!$4:$4,0),FALSE),0) -> 0 | T34: =IFERROR(VLOOKUP($E34,Adaptive!$A:$J,MATCH(T$8,Adaptive!$4:$4,0),FALSE),0) -> 0 | U34: =IFERROR(VLOOKUP($E34,Adaptive!$A:$J,MATCH(U$8,Adaptive!$4:$4,0),FALSE),0) -> 0 | V34: =IFERROR(VLOOKUP($E34,Adaptive!$A:$J,MATCH(V$8,Adaptive!$4:$4,0),FALSE),0) -> 0 | W34: =IFERROR(VLOOKUP($E34,Adaptive!$A:$J,MATCH(W$8,Adaptive!$4:$4,0),FALSE),0) -> 0 | X34: =IFERROR(VLOOKUP($E34,Adaptive!$A:$J,MATCH(X$8,Adaptive!$4:$4,0),FALSE),0) -> 0 | Y34: =F34*700 -> 1904 | Z34: =_xlfn.XLOOKUP(B34,[1]Xref!$H:$H,[1]Xref!$A:$A) -> AU4583 210 | AA34: =SUM(M34:P34) -> 1936 | AB34: =ROUNDUP(AA34/Y34,0) -> 2 | AC34: =AB34-SUMPRODUCT(AE34:AL34,$AE$6:$AL$6) -> 2 | AM34: =SUMPRODUCT(AE34:AL34,$AE$6:$AL$6)*700 -> 0 | AN34: =AC34*700 -> 1400
A35: 50 | B35: 234794 | C35: TAFFETA/600R/JT BLK/67 | D35: FF TAFFETAHP-38712-67 | E35: FF TAFFETAHP-38712-134 | F35: 2.0298507462686564 | G35: 304 | I35: 1020 | J35: 0 | K35: 6254 | L35: 0 | M35: 716 | N35: 0 | O35: 6254 | P35: 0 | Q35: =IFERROR(VLOOKUP($E35,Adaptive!$A:$J,MATCH(Q$8,Adaptive!$4:$4,0),FALSE),0) -> 0 | R35: =IFERROR(VLOOKUP($E35,Adaptive!$A:$J,MATCH(R$8,Adaptive!$4:$4,0),FALSE),0) -> 0 | S35: =IFERROR(VLOOKUP($E35,Adaptive!$A:$J,MATCH(S$8,Adaptive!$4:$4,0),FALSE),0) -> 0 | T35: =IFERROR(VLOOKUP($E35,Adaptive!$A:$J,MATCH(T$8,Adaptive!$4:$4,0),FALSE),0) -> 0 | U35: =IFERROR(VLOOKUP($E35,Adaptive!$A:$J,MATCH(U$8,Adaptive!$4:$4,0),FALSE),0) -> 0 | V35: =IFERROR(VLOOKUP($E35,Adaptive!$A:$J,MATCH(V$8,Adaptive!$4:$4,0),FALSE),0) -> 0 | W35: =IFERROR(VLOOKUP($E35,Adaptive!$A:$J,MATCH(W$8,Adaptive!$4:$4,0),FALSE),0) -> 0 | X35: =IFERROR(VLOOKUP($E35,Adaptive!$A:$J,MATCH(X$8,Adaptive!$4:$4,0),FALSE),0) -> 0 | Y35: =F35*700 -> 1420.8955 | Z35: =_xlfn.XLOOKUP(B35,[1]Xref!$H:$H,[1]Xref!$A:$A) -> AU4583 | AA35: =SUM(M35:P35) -> 6970 | AB35: =ROUNDUP(AA35/Y35,0) -> 5 | AC35: =AB35-SUMPRODUCT(AE35:AL35,$AE$6:$AL$6) -> 5 | AM35: =SUMPRODUCT(AE35:AL35,$AE$6:$AL$6)*700 -> 0 | AN35: =AC35*700 -> 3500
A36: 50 | B36: 234795 | C36: ARCTIC/600R/JT BLK/68 | D36: FF ARCTIC-39811-68 | E36: FF ARCTIC-39811-136 | F36: 2.666666666666666 | G36: 1573 | H36: 19122 | I36: 0 | J36: 20662 | K36: 0 | L36: 25970 | M36: 0 | N36: 0 | O36: 0 | P36: 25937 | Q36: =IFERROR(VLOOKUP($E36,Adaptive!$A:$J,MATCH(Q$8,Adaptive!$4:$4,0),FALSE),0) -> 10822 | R36: =IFERROR(VLOOKUP($E36,Adaptive!$A:$J,MATCH(R$8,Adaptive!$4:$4,0),FALSE),0) -> 0 | S36: =IFERROR(VLOOKUP($E36,Adaptive!$A:$J,MATCH(S$8,Adaptive!$4:$4,0),FALSE),0) -> 8300 | T36: =IFERROR(VLOOKUP($E36,Adaptive!$A:$J,MATCH(T$8,Adaptive!$4:$4,0),FALSE),0) -> 0 | U36: =IFERROR(VLOOKUP($E36,Adaptive!$A:$J,MATCH(U$8,Adaptive!$4:$4,0),FALSE),0) -> 19122 | V36: =IFERROR(VLOOKUP($E36,Adaptive!$A:$J,MATCH(V$8,Adaptive!$4:$4,0),FALSE),0) -> 0 | W36: =IFERROR(VLOOKUP($E36,Adaptive!$A:$J,MATCH(W$8,Adaptive!$4:$4,0),FALSE),0) -> 0 | X36: =IFERROR(VLOOKUP($E36,Adaptive!$A:$J,MATCH(X$8,Adaptive!$4:$4,0),FALSE),0) -> 0 | Y36: =F36*700 -> 1866.6667 | Z36: =_xlfn.XLOOKUP(B36,[1]Xref!$H:$H,[1]Xref!$A:$A) -> AU5429D | AA36: =SUM(M36:P36) -> 25937 | AB36: =ROUNDUP(AA36/Y36,0) -> 14 | AC36: =AB36-SUMPRODUCT(AE36:AL36,$AE$6:$AL$6) -> 14 | AM36: =SUMPRODUCT(AE36:AL36,$AE$6:$AL$6)*700 -> 0 | AN36: =AC36*700 -> 9800
A37: 50 | B37: 234918 | C37: AU5429D/GRAYSTONE/63 | D37: FF ARCTIC-40506-63 | E37: FF ARCTIC-40506-126 | F37: 2.878306878306878 | H37: 2202 | I37: 0 | J37: 843 | K37: 0 | L37: 0 | M37: 0 | N37: 0 | O37: 0 | P37: 0 | Q37: =IFERROR(VLOOKUP($E37,Adaptive!$A:$J,MATCH(Q$8,Adaptive!$4:$4,0),FALSE),0) -> 0 | R37: =IFERROR(VLOOKUP($E37,Adaptive!$A:$J,MATCH(R$8,Adaptive!$4:$4,0),FALSE),0) -> 2202 | S37: =IFERROR(VLOOKUP($E37,Adaptive!$A:$J,MATCH(S$8,Adaptive!$4:$4,0),FALSE),0) -> 0 | T37: =IFERROR(VLOOKUP($E37,Adaptive!$A:$J,MATCH(T$8,Adaptive!$4:$4,0),FALSE),0) -> 0 | U37: =IFERROR(VLOOKUP($E37,Adaptive!$A:$J,MATCH(U$8,Adaptive!$4:$4,0),FALSE),0) -> 2202 | V37: =IFERROR(VLOOKUP($E37,Adaptive!$A:$J,MATCH(V$8,Adaptive!$4:$4,0),FALSE),0) -> 0 | W37: =IFERROR(VLOOKUP($E37,Adaptive!$A:$J,MATCH(W$8,Adaptive!$4:$4,0),FALSE),0) -> 0 | X37: =IFERROR(VLOOKUP($E37,Adaptive!$A:$J,MATCH(X$8,Adaptive!$4:$4,0),FALSE),0) -> 0 | Y37: =F37*700 -> 2014.8148 | Z37: =_xlfn.XLOOKUP(B37,[1]Xref!$H:$H,[1]Xref!$A:$A) -> AU5429D | AA37: =SUM(M37:P37) -> 0 | AB37: =ROUNDUP(AA37/Y37,0) -> 0 | AC37: =AB37-SUMPRODUCT(AE37:AL37,$AE$6:$AL$6) -> 0 | AM37: =SUMPRODUCT(AE37:AL37,$AE$6:$AL$6)*700 -> 0 | AN37: =AC37*700 -> 0
A38: 12 | B38: 235397 | C38: MESA/KG0R/BLACK/62 | D38: FF MESA-40241-62 | E38: FF MESA-40241-124 | F38: 2.632258064516129 | G38: 2248 | I38: 1239 | J38: 440 | M38: 0 | N38: 0 | O38: 0 | P38: 0 | Q38: =IFERROR(VLOOKUP($E38,Adaptive!$A:$J,MATCH(Q$8,Adaptive!$4:$4,0),FALSE),0) -> 0 | R38: =IFERROR(VLOOKUP($E38,Adaptive!$A:$J,MATCH(R$8,Adaptive!$4:$4,0),FALSE),0) -> 0 | S38: =IFERROR(VLOOKUP($E38,Adaptive!$A:$J,MATCH(S$8,Adaptive!$4:$4,0),FALSE),0) -> 0 | T38: =IFERROR(VLOOKUP($E38,Adaptive!$A:$J,MATCH(T$8,Adaptive!$4:$4,0),FALSE),0) -> 0 | U38: =IFERROR(VLOOKUP($E38,Adaptive!$A:$J,MATCH(U$8,Adaptive!$4:$4,0),FALSE),0) -> 0 | V38: =IFERROR(VLOOKUP($E38,Adaptive!$A:$J,MATCH(V$8,Adaptive!$4:$4,0),FALSE),0) -> 0 | W38: =IFERROR(VLOOKUP($E38,Adaptive!$A:$J,MATCH(W$8,Adaptive!$4:$4,0),FALSE),0) -> 0 | X38: =IFERROR(VLOOKUP($E38,Adaptive!$A:$J,MATCH(X$8,Adaptive!$4:$4,0),FALSE),0) -> 0 | Y38: =F38*700 -> 1842.5806 | Z38: =_xlfn.XLOOKUP(B38,[1]Xref!$H:$H,[1]Xref!$A:$A) -> AU3426 | AA38: =SUM(M38:P38) -> 0 | AB38: =ROUNDUP(AA38/Y38,0) -> 0 | AC38: =AB38-SUMPRODUCT(AE38:AL38,$AE$6:$AL$6) -> 0 | AM38: =SUMPRODUCT(AE38:AL38,$AE$6:$AL$6)*700 -> 0 | AN38: =AC38*700 -> 0
A39: 50 | B39: 236592 | C39: ARCTIC/308X/V DK AT/68 | D39: FF ARCTIC-40415-68 | E39: FF ARCTIC-40415-136 | F39: 2.666666666666666 | G39: 297 | I39: 0 | J39: 0 | K39: 0 | L39: 575 | M39: 0 | N39: 0 | O39: 0 | P39: 0 | Q39: =IFERROR(VLOOKUP($E39,Adaptive!$A:$J,MATCH(Q$8,Adaptive!$4:$4,0),FALSE),0) -> 0 | R39: =IFERROR(VLOOKUP($E39,Adaptive!$A:$J,MATCH(R$8,Adaptive!$4:$4,0),FALSE),0) -> 0 | S39: =IFERROR(VLOOKUP($E39,Adaptive!$A:$J,MATCH(S$8,Adaptive!$4:$4,0),FALSE),0) -> 0 | T39: =IFERROR(VLOOKUP($E39,Adaptive!$A:$J,MATCH(T$8,Adaptive!$4:$4,0),FALSE),0) -> 0 | U39: =IFERROR(VLOOKUP($E39,Adaptive!$A:$J,MATCH(U$8,Adaptive!$4:$4,0),FALSE),0) -> 0 | V39: =IFERROR(VLOOKUP($E39,Adaptive!$A:$J,MATCH(V$8,Adaptive!$4:$4,0),FALSE),0) -> 0 | W39: =IFERROR(VLOOKUP($E39,Adaptive!$A:$J,MATCH(W$8,Adaptive!$4:$4,0),FALSE),0) -> 0 | X39: =IFERROR(VLOOKUP($E39,Adaptive!$A:$J,MATCH(X$8,Adaptive!$4:$4,0),FALSE),0) -> 0 | Y39: =F39*700 -> 1866.6667 | Z39: =_xlfn.XLOOKUP(B39,[1]Xref!$H:$H,[1]Xref!$A:$A) -> AU5429D | AA39: =SUM(M39:P39) -> 0 | AB39: =ROUNDUP(AA39/Y39,0) -> 0 | AC39: =AB39-SUMPRODUCT(AE39:AL39,$AE$6:$AL$6) -> 0 | AM39: =SUMPRODUCT(AE39:AL39,$AE$6:$AL$6)*700 -> 0 | AN39: =AC39*700 -> 0
A40: 50 | B40: 237033 | C40: TAFFETA/309X/VDKATM/67 | D40: FF TAFFETAHP-40512-67 | E40: FF TAFFETAHP-40512-134 | F40: 2.0298507462686564 | I40: 0 | J40: 0 | K40: 742 | L40: 0 | M40: 0 | N40: 0 | O40: 742 | P40: 0 | Q40: =IFERROR(VLOOKUP($E40,Adaptive!$A:$J,MATCH(Q$8,Adaptive!$4:$4,0),FALSE),0) -> 0 | R40: =IFERROR(VLOOKUP($E40,Adaptive!$A:$J,MATCH(R$8,Adaptive!$4:$4,0),FALSE),0) -> 0 | S40: =IFERROR(VLOOKUP($E40,Adaptive!$A:$J,MATCH(S$8,Adaptive!$4:$4,0),FALSE),0) -> 0 | T40: =IFERROR(VLOOKUP($E40,Adaptive!$A:$J,MATCH(T$8,Adaptive!$4:$4,0),FALSE),0) -> 0 | U40: =IFERROR(VLOOKUP($E40,Adaptive!$A:$J,MATCH(U$8,Adaptive!$4:$4,0),FALSE),0) -> 0 | V40: =IFERROR(VLOOKUP($E40,Adaptive!$A:$J,MATCH(V$8,Adaptive!$4:$4,0),FALSE),0) -> 0 | W40: =IFERROR(VLOOKUP($E40,Adaptive!$A:$J,MATCH(W$8,Adaptive!$4:$4,0),FALSE),0) -> 0 | X40: =IFERROR(VLOOKUP($E40,Adaptive!$A:$J,MATCH(X$8,Adaptive!$4:$4,0),FALSE),0) -> 0 | Y40: =F40*700 -> 1420.8955 | Z40: =_xlfn.XLOOKUP(B40,[1]Xref!$H:$H,[1]Xref!$A:$A) -> AU4583 | AA40: =SUM(M40:P40) -> 742 | AB40: =ROUNDUP(AA40/Y40,0) -> 1 | AC40: =AB40-SUMPRODUCT(AE40:AL40,$AE$6:$AL$6) -> 1 | AM40: =SUMPRODUCT(AE40:AL40,$AE$6:$AL$6)*700 -> 0 | AN40: =AC40*700 -> 700
A41: 50 | B41: 237038 | C41: TR665BP/NH882L/PG/65 | D41: FF TR665BP-40607-65 | E41: FF TR665BP-40607-130 | F41: 2.7897435897435896 | G41: 2104 | I41: 872 | J41: 0 | K41: 0 | L41: 0 | M41: 0 | N41: 0 | O41: 0 | P41: 0 | Q41: =IFERROR(VLOOKUP($E41,Adaptive!$A:$J,MATCH(Q$8,Adaptive!$4:$4,0),FALSE),0) -> 0 | R41: =IFERROR(VLOOKUP($E41,Adaptive!$A:$J,MATCH(R$8,Adaptive!$4:$4,0),FALSE),0) -> 0 | S41: =IFERROR(VLOOKUP($E41,Adaptive!$A:$J,MATCH(S$8,Adaptive!$4:$4,0),FALSE),0) -> 0 | T41: =IFERROR(VLOOKUP($E41,Adaptive!$A:$J,MATCH(T$8,Adaptive!$4:$4,0),FALSE),0) -> 0 | U41: =IFERROR(VLOOKUP($E41,Adaptive!$A:$J,MATCH(U$8,Adaptive!$4:$4,0),FALSE),0) -> 0 | V41: =IFERROR(VLOOKUP($E41,Adaptive!$A:$J,MATCH(V$8,Adaptive!$4:$4,0),FALSE),0) -> 0 | W41: =IFERROR(VLOOKUP($E41,Adaptive!$A:$J,MATCH(W$8,Adaptive!$4:$4,0),FALSE),0) -> 0 | X41: =IFERROR(VLOOKUP($E41,Adaptive!$A:$J,MATCH(X$8,Adaptive!$4:$4,0),FALSE),0) -> 0 | Y41: =F41*700 -> 1952.8205 | Z41: =_xlfn.XLOOKUP(B41,[1]Xref!$H:$H,[1]Xref!$A:$A) -> AU6953 | AA41: =SUM(M41:P41) -> 0 | AB41: =ROUNDUP(AA41/Y41,0) -> 0 | AC41: =AB41-SUMPRODUCT(AE41:AL41,$AE$6:$AL$6) -> 0 | AM41: =SUMPRODUCT(AE41:AL41,$AE$6:$AL$6)*700 -> 0 | AN41: =AC41*700 -> 0
A42: 50 | B42: 237039 | C42: TR665BP/NH900L/NB/65 | D42: FF TR665BP-40608-65 | E42: FF TR665BP-40608-130 | F42: 2.7897435897435896 | I42: 504 | J42: 0 | K42: 0 | L42: 636 | M42: 504 | N42: 0 | O42: 0 | P42: 636 | Q42: =IFERROR(VLOOKUP($E42,Adaptive!$A:$J,MATCH(Q$8,Adaptive!$4:$4,0),FALSE),0) -> 0 | R42: =IFERROR(VLOOKUP($E42,Adaptive!$A:$J,MATCH(R$8,Adaptive!$4:$4,0),FALSE),0) -> 0 | S42: =IFERROR(VLOOKUP($E42,Adaptive!$A:$J,MATCH(S$8,Adaptive!$4:$4,0),FALSE),0) -> 0 | T42: =IFERROR(VLOOKUP($E42,Adaptive!$A:$J,MATCH(T$8,Adaptive!$4:$4,0),FALSE),0) -> 0 | U42: =IFERROR(VLOOKUP($E42,Adaptive!$A:$J,MATCH(U$8,Adaptive!$4:$4,0),FALSE),0) -> 0 | V42: =IFERROR(VLOOKUP($E42,Adaptive!$A:$J,MATCH(V$8,Adaptive!$4:$4,0),FALSE),0) -> 0 | W42: =IFERROR(VLOOKUP($E42,Adaptive!$A:$J,MATCH(W$8,Adaptive!$4:$4,0),FALSE),0) -> 0 | X42: =IFERROR(VLOOKUP($E42,Adaptive!$A:$J,MATCH(X$8,Adaptive!$4:$4,0),FALSE),0) -> 0 | Y42: =F42*700 -> 1952.8205 | Z42: =_xlfn.XLOOKUP(B42,[1]Xref!$H:$H,[1]Xref!$A:$A) -> AU7130 | AA42: =SUM(M42:P42) -> 1140 | AB42: =ROUNDUP(AA42/Y42,0) -> 1 | AC42: =AB42-SUMPRODUCT(AE42:AL42,$AE$6:$AL$6) -> 0 | AG42: 1 | AM42: =SUMPRODUCT(AE42:AL42,$AE$6:$AL$6)*700 -> 700 | AN42: =AC42*700 -> 0
A43: 1250 | B43: 237234 | C43: TR665B/NH802L/LJG/65 | D43: FF TR665B-40477-65 | E43: FF TR665B-40477-130 | F43: 2.7897435897435896 | H43: 1650 | I43: 189 | M43: 0 | N43: 0 | O43: 0 | P43: 0 | Q43: =IFERROR(VLOOKUP($E43,Adaptive!$A:$J,MATCH(Q$8,Adaptive!$4:$4,0),FALSE),0) -> 0 | R43: =IFERROR(VLOOKUP($E43,Adaptive!$A:$J,MATCH(R$8,Adaptive!$4:$4,0),FALSE),0) -> 1650 | S43: =IFERROR(VLOOKUP($E43,Adaptive!$A:$J,MATCH(S$8,Adaptive!$4:$4,0),FALSE),0) -> 0 | T43: =IFERROR(VLOOKUP($E43,Adaptive!$A:$J,MATCH(T$8,Adaptive!$4:$4,0),FALSE),0) -> 0 | U43: =IFERROR(VLOOKUP($E43,Adaptive!$A:$J,MATCH(U$8,Adaptive!$4:$4,0),FALSE),0) -> 1650 | V43: =IFERROR(VLOOKUP($E43,Adaptive!$A:$J,MATCH(V$8,Adaptive!$4:$4,0),FALSE),0) -> 0 | W43: =IFERROR(VLOOKUP($E43,Adaptive!$A:$J,MATCH(W$8,Adaptive!$4:$4,0),FALSE),0) -> 0 | X43: =IFERROR(VLOOKUP($E43,Adaptive!$A:$J,MATCH(X$8,Adaptive!$4:$4,0),FALSE),0) -> 0 | Y43: =F43*700 -> 1952.8205 | Z43: =_xlfn.XLOOKUP(B43,[1]Xref!$H:$H,[1]Xref!$A:$A) -> AU6953 | AA43: =SUM(M43:P43) -> 0 | AB43: =ROUNDUP(AA43/Y43,0) -> 0 | AC43: =AB43-SUMPRODUCT(AE43:AL43,$AE$6:$AL$6) -> 0 | AM43: =SUMPRODUCT(AE43:AL43,$AE$6:$AL$6)*700 -> 0 | AN43: =AC43*700 -> 0
A44: 1250 | B44: 237235 | C44: TR665B/NH882L/PG/65 | D44: FF TR665B-40279-65 | E44: FF TR665B-40279-130 | F44: 2.7897435897435896 | G44: 2417 | I44: 7401 | J44: 0 | K44: 0 | L44: 0 | M44: 4984 | N44: 0 | O44: 0 | P44: 0 | Q44: =IFERROR(VLOOKUP($E44,Adaptive!$A:$J,MATCH(Q$8,Adaptive!$4:$4,0),FALSE),0) -> 0 | R44: =IFERROR(VLOOKUP($E44,Adaptive!$A:$J,MATCH(R$8,Adaptive!$4:$4,0),FALSE),0) -> 0 | S44: =IFERROR(VLOOKUP($E44,Adaptive!$A:$J,MATCH(S$8,Adaptive!$4:$4,0),FALSE),0) -> 0 | T44: =IFERROR(VLOOKUP($E44,Adaptive!$A:$J,MATCH(T$8,Adaptive!$4:$4,0),FALSE),0) -> 0 | U44: =IFERROR(VLOOKUP($E44,Adaptive!$A:$J,MATCH(U$8,Adaptive!$4:$4,0),FALSE),0) -> 0 | V44: =IFERROR(VLOOKUP($E44,Adaptive!$A:$J,MATCH(V$8,Adaptive!$4:$4,0),FALSE),0) -> 0 | W44: =IFERROR(VLOOKUP($E44,Adaptive!$A:$J,MATCH(W$8,Adaptive!$4:$4,0),FALSE),0) -> 0 | X44: =IFERROR(VLOOKUP($E44,Adaptive!$A:$J,MATCH(X$8,Adaptive!$4:$4,0),FALSE),0) -> 0 | Y44: =F44*700 -> 1952.8205 | Z44: =_xlfn.XLOOKUP(B44,[1]Xref!$H:$H,[1]Xref!$A:$A) -> AU6953 | AA44: =SUM(M44:P44) -> 4984 | AB44: =ROUNDUP(AA44/Y44,0) -> 3 | AC44: =AB44-SUMPRODUCT(AE44:AL44,$AE$6:$AL$6) -> -1 | AK44: 1 | AM44: =SUMPRODUCT(AE44:AL44,$AE$6:$AL$6)*700 -> 2800 | AN44: 0
A45: 50 | B45: 237236 | C45: TR665B/YR552L/AE/65 | D45: FF TR665B-40478-65 | E45: FF TR665B-40478-130 | F45: 2.7897435897435896 | H45: 1902 | I45: 1390 | J45: 0 | K45: 0 | L45: 0 | M45: 0 | N45: 0 | O45: 0 | P45: 0 | Q45: =IFERROR(VLOOKUP($E45,Adaptive!$A:$J,MATCH(Q$8,Adaptive!$4:$4,0),FALSE),0) -> 0 | R45: =IFERROR(VLOOKUP($E45,Adaptive!$A:$J,MATCH(R$8,Adaptive!$4:$4,0),FALSE),0) -> 0 | S45: =IFERROR(VLOOKUP($E45,Adaptive!$A:$J,MATCH(S$8,Adaptive!$4:$4,0),FALSE),0) -> 1902 | T45: =IFERROR(VLOOKUP($E45,Adaptive!$A:$J,MATCH(T$8,Adaptive!$4:$4,0),FALSE),0) -> 0 | U45: =IFERROR(VLOOKUP($E45,Adaptive!$A:$J,MATCH(U$8,Adaptive!$4:$4,0),FALSE),0) -> 1902 | V45: =IFERROR(VLOOKUP($E45,Adaptive!$A:$J,MATCH(V$8,Adaptive!$4:$4,0),FALSE),0) -> 0 | W45: =IFERROR(VLOOKUP($E45,Adaptive!$A:$J,MATCH(W$8,Adaptive!$4:$4,0),FALSE),0) -> 0 | X45: =IFERROR(VLOOKUP($E45,Adaptive!$A:$J,MATCH(X$8,Adaptive!$4:$4,0),FALSE),0) -> 0 | Y45: =F45*700 -> 1952.8205 | Z45: =_xlfn.XLOOKUP(B45,[1]Xref!$H:$H,[1]Xref!$A:$A) -> AU6953 | AA45: =SUM(M45:P45) -> 0 | AB45: =ROUNDUP(AA45/Y45,0) -> 0 | AC45: =AB45-SUMPRODUCT(AE45:AL45,$AE$6:$AL$6) -> 0 | AM45: =SUMPRODUCT(AE45:AL45,$AE$6:$AL$6)*700 -> 0 | AN45: =AC45*700 -> 0
A46: 50 | B46: 237237 | C46: TR665B/NH900L/NB/65 | D46: FF TR665B-40388-65 | E46: FF TR665B-40388-130 | F46: 2.7897435897435896 | G46: 1040 | I46: 3059 | J46: 123 | K46: 1802 | L46: 0 | M46: 2019 | N46: 123 | O46: 1200 | P46: 0 | Q46: =IFERROR(VLOOKUP($E46,Adaptive!$A:$J,MATCH(Q$8,Adaptive!$4:$4,0),FALSE),0) -> 0 | R46: =IFERROR(VLOOKUP($E46,Adaptive!$A:$J,MATCH(R$8,Adaptive!$4:$4,0),FALSE),0) -> 0 | S46: =IFERROR(VLOOKUP($E46,Adaptive!$A:$J,MATCH(S$8,Adaptive!$4:$4,0),FALSE),0) -> 0 | T46: =IFERROR(VLOOKUP($E46,Adaptive!$A:$J,MATCH(T$8,Adaptive!$4:$4,0),FALSE),0) -> 0 | U46: =IFERROR(VLOOKUP($E46,Adaptive!$A:$J,MATCH(U$8,Adaptive!$4:$4,0),FALSE),0) -> 0 | V46: =IFERROR(VLOOKUP($E46,Adaptive!$A:$J,MATCH(V$8,Adaptive!$4:$4,0),FALSE),0) -> 0 | W46: =IFERROR(VLOOKUP($E46,Adaptive!$A:$J,MATCH(W$8,Adaptive!$4:$4,0),FALSE),0) -> 0 | X46: =IFERROR(VLOOKUP($E46,Adaptive!$A:$J,MATCH(X$8,Adaptive!$4:$4,0),FALSE),0) -> 0 | Y46: =F46*700 -> 1952.8205 | Z46: =_xlfn.XLOOKUP(B46,[1]Xref!$H:$H,[1]Xref!$A:$A) -> AU7130 | AA46: =SUM(M46:P46) -> 3342 | AB46: =ROUNDUP(AA46/Y46,0) -> 2 | AC46: =AB46-SUMPRODUCT(AE46:AL46,$AE$6:$AL$6) -> 2 | AM46: =SUMPRODUCT(AE46:AL46,$AE$6:$AL$6)*700 -> 0 | AN46: =AC46*700 -> 1400
A47: 12 | B47: 237362 | C47: LYRICR/ZHE/EBONY/64 | D47: FF LYRICR-40614-64 | E47: FF LYRICR-40614-128 | F47: 2.467741935483871 | G47: 3578 | I47: 0 | J47: 0 | M47: 0 | N47: 0 | O47: 0 | P47: 0 | Q47: =IFERROR(VLOOKUP($E47,Adaptive!$A:$J,MATCH(Q$8,Adaptive!$4:$4,0),FALSE),0) -> 0 | R47: =IFERROR(VLOOKUP($E47,Adaptive!$A:$J,MATCH(R$8,Adaptive!$4:$4,0),FALSE),0) -> 0 | S47: =IFERROR(VLOOKUP($E47,Adaptive!$A:$J,MATCH(S$8,Adaptive!$4:$4,0),FALSE),0) -> 0 | T47: =IFERROR(VLOOKUP($E47,Adaptive!$A:$J,MATCH(T$8,Adaptive!$4:$4,0),FALSE),0) -> 0 | U47: =IFERROR(VLOOKUP($E47,Adaptive!$A:$J,MATCH(U$8,Adaptive!$4:$4,0),FALSE),0) -> 0 | V47: =IFERROR(VLOOKUP($E47,Adaptive!$A:$J,MATCH(V$8,Adaptive!$4:$4,0),FALSE),0) -> 0 | W47: =IFERROR(VLOOKUP($E47,Adaptive!$A:$J,MATCH(W$8,Adaptive!$4:$4,0),FALSE),0) -> 0 | X47: =IFERROR(VLOOKUP($E47,Adaptive!$A:$J,MATCH(X$8,Adaptive!$4:$4,0),FALSE),0) -> 0 | Y47: =F47*700 -> 1727.4194 | Z47: =_xlfn.XLOOKUP(B47,[1]Xref!$H:$H,[1]Xref!$A:$A) -> AU4782DREP | AA47: =SUM(M47:P47) -> 0 | AB47: =ROUNDUP(AA47/Y47,0) -> 0 | AC47: =AB47-SUMPRODUCT(AE47:AL47,$AE$6:$AL$6) -> 0 | AM47: =SUMPRODUCT(AE47:AL47,$AE$6:$AL$6)*700 -> 0 | AN47: =AC47*700 -> 0
A48: 50 | B48: 237822 | C48: AU3426M/JCBLACK/62 | D48: FF AU3426M-39858-62 | E48: FF AU3426M-39858-124 | F48: 2.632258064516129 | G48: 301 | I48: 0 | J48: 0 | K48: 0 | L48: 0 | M48: 0 | N48: 0 | O48: 0 | P48: 0 | Q48: =IFERROR(VLOOKUP($E48,Adaptive!$A:$J,MATCH(Q$8,Adaptive!$4:$4,0),FALSE),0) -> 0 | R48: =IFERROR(VLOOKUP($E48,Adaptive!$A:$J,MATCH(R$8,Adaptive!$4:$4,0),FALSE),0) -> 0 | S48: =IFERROR(VLOOKUP($E48,Adaptive!$A:$J,MATCH(S$8,Adaptive!$4:$4,0),FALSE),0) -> 0 | T48: =IFERROR(VLOOKUP($E48,Adaptive!$A:$J,MATCH(T$8,Adaptive!$4:$4,0),FALSE),0) -> 0 | U48: =IFERROR(VLOOKUP($E48,Adaptive!$A:$J,MATCH(U$8,Adaptive!$4:$4,0),FALSE),0) -> 0 | V48: =IFERROR(VLOOKUP($E48,Adaptive!$A:$J,MATCH(V$8,Adaptive!$4:$4,0),FALSE),0) -> 0 | W48: =IFERROR(VLOOKUP($E48,Adaptive!$A:$J,MATCH(W$8,Adaptive!$4:$4,0),FALSE),0) -> 0 | X48: =IFERROR(VLOOKUP($E48,Adaptive!$A:$J,MATCH(X$8,Adaptive!$4:$4,0),FALSE),0) -> 0 | Y48: =F48*700 -> 1842.5806 | Z48: =_xlfn.XLOOKUP(B48,[1]Xref!$H:$H,[1]Xref!$A:$A) -> AU3426 Wide | AA48: =SUM(M48:P48) -> 0 | AB48: =ROUNDUP(AA48/Y48,0) -> 0 | AC48: =AB48-SUMPRODUCT(AE48:AL48,$AE$6:$AL$6) -> 0 | AM48: =SUMPRODUCT(AE48:AL48,$AE$6:$AL$6)*700 -> 0 | AN48: =AC48*700 -> 0
A49: 12 | B49: 238024 | C49: MOLTOFR/202B/BLACK/62 | D49: FF MOLTOFR-NA-40383-62 | E49: FF MOLTOFR-NA-40383-124 | F49: 1.6801647220315716 | I49: 276 | M49: 276 | Q49: =IFERROR(VLOOKUP($E49,Adaptive!$A:$J,MATCH(Q$8,Adaptive!$4:$4,0),FALSE),0) -> 0 | R49: =IFERROR(VLOOKUP($E49,Adaptive!$A:$J,MATCH(R$8,Adaptive!$4:$4,0),FALSE),0) -> 0 | S49: =IFERROR(VLOOKUP($E49,Adaptive!$A:$J,MATCH(S$8,Adaptive!$4:$4,0),FALSE),0) -> 0 | T49: =IFERROR(VLOOKUP($E49,Adaptive!$A:$J,MATCH(T$8,Adaptive!$4:$4,0),FALSE),0) -> 0 | U49: =IFERROR(VLOOKUP($E49,Adaptive!$A:$J,MATCH(U$8,Adaptive!$4:$4,0),FALSE),0) -> 0 | V49: =IFERROR(VLOOKUP($E49,Adaptive!$A:$J,MATCH(V$8,Adaptive!$4:$4,0),FALSE),0) -> 0 | W49: =IFERROR(VLOOKUP($E49,Adaptive!$A:$J,MATCH(W$8,Adaptive!$4:$4,0),FALSE),0) -> 0 | X49: =IFERROR(VLOOKUP($E49,Adaptive!$A:$J,MATCH(X$8,Adaptive!$4:$4,0),FALSE),0) -> 0 | Y49: =F49*700 -> 1176.1153 | Z49: =_xlfn.XLOOKUP(B49,[1]Xref!$H:$H,[1]Xref!$A:$A) -> AU7389G | AA49: =SUM(M49:P49) -> 276 | AB49: =ROUNDUP(AA49/Y49,0) -> 1 | AC49: =AB49-SUMPRODUCT(AE49:AL49,$AE$6:$AL$6) -> 1 | AM49: =SUMPRODUCT(AE49:AL49,$AE$6:$AL$6)*700 -> 0 | AN49: =AC49*700 -> 700
A50: 12 | B50: 238025 | C50: MOLTOFR/105B/LTGRY/62 | D50: FF MOLTOFR-NA-40669-62 | E50: FF MOLTOFR-NA-40669-124 | F50: 1.6801647220315716 | J50: 762 | M50: 0 | N50: 762 | Q50: =IFERROR(VLOOKUP($E50,Adaptive!$A:$J,MATCH(Q$8,Adaptive!$4:$4,0),FALSE),0) -> 0 | R50: =IFERROR(VLOOKUP($E50,Adaptive!$A:$J,MATCH(R$8,Adaptive!$4:$4,0),FALSE),0) -> 0 | S50: =IFERROR(VLOOKUP($E50,Adaptive!$A:$J,MATCH(S$8,Adaptive!$4:$4,0),FALSE),0) -> 0 | T50: =IFERROR(VLOOKUP($E50,Adaptive!$A:$J,MATCH(T$8,Adaptive!$4:$4,0),FALSE),0) -> 0 | U50: =IFERROR(VLOOKUP($E50,Adaptive!$A:$J,MATCH(U$8,Adaptive!$4:$4,0),FALSE),0) -> 0 | V50: =IFERROR(VLOOKUP($E50,Adaptive!$A:$J,MATCH(V$8,Adaptive!$4:$4,0),FALSE),0) -> 0 | W50: =IFERROR(VLOOKUP($E50,Adaptive!$A:$J,MATCH(W$8,Adaptive!$4:$4,0),FALSE),0) -> 0 | X50: =IFERROR(VLOOKUP($E50,Adaptive!$A:$J,MATCH(X$8,Adaptive!$4:$4,0),FALSE),0) -> 0 | Y50: =F50*700 -> 1176.1153 | Z50: =_xlfn.XLOOKUP(B50,[1]Xref!$H:$H,[1]Xref!$A:$A) -> AU7389G | AA50: =SUM(M50:P50) -> 762 | AB50: =ROUNDUP(AA50/Y50,0) -> 1 | AC50: =AB50-SUMPRODUCT(AE50:AL50,$AE$6:$AL$6) -> 1 | AM50: =SUMPRODUCT(AE50:AL50,$AE$6:$AL$6)*700 -> 0 | AN50: =AC50*700 -> 700
A51: 12 | B51: 238079 | C51: LYRICR/1Y1/LTSPCGRY/64 | D51: FF LYRICR-40582-64 | E51: FF LYRICR-40582-128 | F51: 2.467741935483871 | I51: 6518 | J51: 3975 | M51: 6518 | N51: 3975 | Q51: =IFERROR(VLOOKUP($E51,Adaptive!$A:$J,MATCH(Q$8,Adaptive!$4:$4,0),FALSE),0) -> 0 | R51: =IFERROR(VLOOKUP($E51,Adaptive!$A:$J,MATCH(R$8,Adaptive!$4:$4,0),FALSE),0) -> 0 | S51: =IFERROR(VLOOKUP($E51,Adaptive!$A:$J,MATCH(S$8,Adaptive!$4:$4,0),FALSE),0) -> 0 | T51: =IFERROR(VLOOKUP($E51,Adaptive!$A:$J,MATCH(T$8,Adaptive!$4:$4,0),FALSE),0) -> 0 | U51: =IFERROR(VLOOKUP($E51,Adaptive!$A:$J,MATCH(U$8,Adaptive!$4:$4,0),FALSE),0) -> 0 | V51: =IFERROR(VLOOKUP($E51,Adaptive!$A:$J,MATCH(V$8,Adaptive!$4:$4,0),FALSE),0) -> 0 | W51: =IFERROR(VLOOKUP($E51,Adaptive!$A:$J,MATCH(W$8,Adaptive!$4:$4,0),FALSE),0) -> 0 | X51: =IFERROR(VLOOKUP($E51,Adaptive!$A:$J,MATCH(X$8,Adaptive!$4:$4,0),FALSE),0) -> 0 | Y51: =F51*700 -> 1727.4194 | Z51: =_xlfn.XLOOKUP(B51,[1]Xref!$H:$H,[1]Xref!$A:$A) -> AU4782DREP | AA51: =SUM(M51:P51) -> 10493 | AB51: =ROUNDUP(AA51/Y51,0) -> 7 | AC51: =AB51-SUMPRODUCT(AE51:AL51,$AE$6:$AL$6) -> 3 | AK51: 1 | AM51: =SUMPRODUCT(AE51:AL51,$AE$6:$AL$6)*700 -> 2800 | AN51: =AC51*700 -> 2100
A52: 50 | B52: 238128 | C52: TR684B/NH882L/PG/60 | D52: FF TR684B-40623-60 | E52: FF TR684B-40623-120 | F52: 2.914285714285714 | G52: 2659 | I52: 0 | J52: 0 | K52: 695 | L52: 0 | M52: 0 | N52: 0 | O52: 0 | P52: 0 | Q52: =IFERROR(VLOOKUP($E52,Adaptive!$A:$J,MATCH(Q$8,Adaptive!$4:$4,0),FALSE),0) -> 0 | R52: =IFERROR(VLOOKUP($E52,Adaptive!$A:$J,MATCH(R$8,Adaptive!$4:$4,0),FALSE),0) -> 0 | S52: =IFERROR(VLOOKUP($E52,Adaptive!$A:$J,MATCH(S$8,Adaptive!$4:$4,0),FALSE),0) -> 0 | T52: =IFERROR(VLOOKUP($E52,Adaptive!$A:$J,MATCH(T$8,Adaptive!$4:$4,0),FALSE),0) -> 0 | U52: =IFERROR(VLOOKUP($E52,Adaptive!$A:$J,MATCH(U$8,Adaptive!$4:$4,0),FALSE),0) -> 0 | V52: =IFERROR(VLOOKUP($E52,Adaptive!$A:$J,MATCH(V$8,Adaptive!$4:$4,0),FALSE),0) -> 0 | W52: =IFERROR(VLOOKUP($E52,Adaptive!$A:$J,MATCH(W$8,Adaptive!$4:$4,0),FALSE),0) -> 0 | X52: =IFERROR(VLOOKUP($E52,Adaptive!$A:$J,MATCH(X$8,Adaptive!$4:$4,0),FALSE),0) -> 0 | Y52: =F52*700 -> 2040 | Z52: =_xlfn.XLOOKUP(B52,[1]Xref!$H:$H,[1]Xref!$A:$A) -> AU3426H | AA52: =SUM(M52:P52) -> 0 | AB52: =ROUNDUP(AA52/Y52,0) -> 0 | AC52: =AB52-SUMPRODUCT(AE52:AL52,$AE$6:$AL$6) -> 0 | AM52: =SUMPRODUCT(AE52:AL52,$AE$6:$AL$6)*700 -> 0 | AN52: =AC52*700 -> 0
A53: 50 | B53: 238461 | C53: TR684B/NH900L/NB/60 | D53: FF TR684B-40610-60 | E53: FF TR684B-40610-120 | F53: 2.914285714285714 | G53: 1525 | H53: 25524 | I53: 4007 | J53: 19716 | K53: 0 | L53: 0 | M53: 0 | N53: 0 | O53: 0 | P53: 0 | Q53: =IFERROR(VLOOKUP($E53,Adaptive!$A:$J,MATCH(Q$8,Adaptive!$4:$4,0),FALSE),0) -> 0 | R53: =IFERROR(VLOOKUP($E53,Adaptive!$A:$J,MATCH(R$8,Adaptive!$4:$4,0),FALSE),0) -> 0 | S53: =IFERROR(VLOOKUP($E53,Adaptive!$A:$J,MATCH(S$8,Adaptive!$4:$4,0),FALSE),0) -> 17016 | T53: =IFERROR(VLOOKUP($E53,Adaptive!$A:$J,MATCH(T$8,Adaptive!$4:$4,0),FALSE),0) -> 8508 | U53: =IFERROR(VLOOKUP($E53,Adaptive!$A:$J,MATCH(U$8,Adaptive!$4:$4,0),FALSE),0) -> 25524 | V53: =IFERROR(VLOOKUP($E53,Adaptive!$A:$J,MATCH(V$8,Adaptive!$4:$4,0),FALSE),0) -> 0 | W53: =IFERROR(VLOOKUP($E53,Adaptive!$A:$J,MATCH(W$8,Adaptive!$4:$4,0),FALSE),0) -> 0 | X53: =IFERROR(VLOOKUP($E53,Adaptive!$A:$J,MATCH(X$8,Adaptive!$4:$4,0),FALSE),0) -> 0 | Y53: =F53*700 -> 2040 | Z53: =_xlfn.XLOOKUP(B53,[1]Xref!$H:$H,[1]Xref!$A:$A) -> AU3426H | AA53: =SUM(M53:P53) -> 0 | AB53: =ROUNDUP(AA53/Y53,0) -> 0 | AC53: =AB53-SUMPRODUCT(AE53:AL53,$AE$6:$AL$6) -> 0 | AM53: =SUMPRODUCT(AE53:AL53,$AE$6:$AL$6)*700 -> 0 | AN53: =AC53*700 -> 0
A54: 50 | B54: 238880 | C54: MOLTO/202B/BLK/NCAT/64 | D54: FF MOLTO-NA-41256-64 | E54: FF MOLTO-NA-41256-128 | F54: 1.627659574468085 | G54: 5396 | H54: 2500 | I54: 90 | J54: 10518 | K54: 0 | L54: 8798 | M54: 0 | N54: 2712 | O54: 0 | P54: 8798 | Q54: =IFERROR(VLOOKUP($E54,Adaptive!$A:$J,MATCH(Q$8,Adaptive!$4:$4,0),FALSE),0) -> 0 | R54: =IFERROR(VLOOKUP($E54,Adaptive!$A:$J,MATCH(R$8,Adaptive!$4:$4,0),FALSE),0) -> 2500 | S54: =IFERROR(VLOOKUP($E54,Adaptive!$A:$J,MATCH(S$8,Adaptive!$4:$4,0),FALSE),0) -> 0 | T54: =IFERROR(VLOOKUP($E54,Adaptive!$A:$J,MATCH(T$8,Adaptive!$4:$4,0),FALSE),0) -> 0 | U54: =IFERROR(VLOOKUP($E54,Adaptive!$A:$J,MATCH(U$8,Adaptive!$4:$4,0),FALSE),0) -> 2500 | V54: =IFERROR(VLOOKUP($E54,Adaptive!$A:$J,MATCH(V$8,Adaptive!$4:$4,0),FALSE),0) -> 0 | W54: =IFERROR(VLOOKUP($E54,Adaptive!$A:$J,MATCH(W$8,Adaptive!$4:$4,0),FALSE),0) -> 0 | X54: =IFERROR(VLOOKUP($E54,Adaptive!$A:$J,MATCH(X$8,Adaptive!$4:$4,0),FALSE),0) -> 0 | Y54: =F54*700 -> 1139.3617 | Z54: =_xlfn.XLOOKUP(B54,[1]Xref!$H:$H,[1]Xref!$A:$A) -> AU7389G | AA54: =SUM(M54:P54) -> 11510 | AB54: =ROUNDUP(AA54/Y54,0) -> 11 | AC54: =AB54-SUMPRODUCT(AE54:AL54,$AE$6:$AL$6) -> 11 | AM54: =SUMPRODUCT(AE54:AL54,$AE$6:$AL$6)*700 -> 0 | AN54: =AC54*700 -> 7700
A55: 50 | B55: 238881 | C55: MOLTO/016B/LEX WHT/64 | D55: FF MOLTO-NA-40409-64 | E55: FF MOLTO-NA-40409-128 | F55: 1.627659574468085 | I55: 1862 | J55: 0 | K55: 0 | L55: 1696 | M55: 1862 | N55: 0 | O55: 0 | P55: 1696 | Q55: =IFERROR(VLOOKUP($E55,Adaptive!$A:$J,MATCH(Q$8,Adaptive!$4:$4,0),FALSE),0) -> 0 | R55: =IFERROR(VLOOKUP($E55,Adaptive!$A:$J,MATCH(R$8,Adaptive!$4:$4,0),FALSE),0) -> 0 | S55: =IFERROR(VLOOKUP($E55,Adaptive!$A:$J,MATCH(S$8,Adaptive!$4:$4,0),FALSE),0) -> 0 | T55: =IFERROR(VLOOKUP($E55,Adaptive!$A:$J,MATCH(T$8,Adaptive!$4:$4,0),FALSE),0) -> 0 | U55: =IFERROR(VLOOKUP($E55,Adaptive!$A:$J,MATCH(U$8,Adaptive!$4:$4,0),FALSE),0) -> 0 | V55: =IFERROR(VLOOKUP($E55,Adaptive!$A:$J,MATCH(V$8,Adaptive!$4:$4,0),FALSE),0) -> 0 | W55: =IFERROR(VLOOKUP($E55,Adaptive!$A:$J,MATCH(W$8,Adaptive!$4:$4,0),FALSE),0) -> 0 | X55: =IFERROR(VLOOKUP($E55,Adaptive!$A:$J,MATCH(X$8,Adaptive!$4:$4,0),FALSE),0) -> 0 | Y55: =F55*700 -> 1139.3617 | Z55: =_xlfn.XLOOKUP(B55,[1]Xref!$H:$H,[1]Xref!$A:$A) -> AU7389G | AA55: =SUM(M55:P55) -> 3558 | AB55: =ROUNDUP(AA55/Y55,0) -> 4 | AC55: =AB55-SUMPRODUCT(AE55:AL55,$AE$6:$AL$6) -> 4 | AM55: =SUMPRODUCT(AE55:AL55,$AE$6:$AL$6)*700 -> 0 | AN55: =AC55*700 -> 2800
A56: 12 | B56: 238912 | C56: TR684B/NH882L/PG/65 | D56: FF TR684B-40623-65 | E56: FF TR684B-40623-130 | F56: 2.6901098901098903 | M56: 0 | N56: 0 | O56: 0 | P56: 0 | Q56: =IFERROR(VLOOKUP($E56,Adaptive!$A:$J,MATCH(Q$8,Adaptive!$4:$4,0),FALSE),0) -> 0 | R56: =IFERROR(VLOOKUP($E56,Adaptive!$A:$J,MATCH(R$8,Adaptive!$4:$4,0),FALSE),0) -> 0 | S56: =IFERROR(VLOOKUP($E56,Adaptive!$A:$J,MATCH(S$8,Adaptive!$4:$4,0),FALSE),0) -> 0 | T56: =IFERROR(VLOOKUP($E56,Adaptive!$A:$J,MATCH(T$8,Adaptive!$4:$4,0),FALSE),0) -> 0 | U56: =IFERROR(VLOOKUP($E56,Adaptive!$A:$J,MATCH(U$8,Adaptive!$4:$4,0),FALSE),0) -> 0 | V56: =IFERROR(VLOOKUP($E56,Adaptive!$A:$J,MATCH(V$8,Adaptive!$4:$4,0),FALSE),0) -> 0 | W56: =IFERROR(VLOOKUP($E56,Adaptive!$A:$J,MATCH(W$8,Adaptive!$4:$4,0),FALSE),0) -> 0 | X56: =IFERROR(VLOOKUP($E56,Adaptive!$A:$J,MATCH(X$8,Adaptive!$4:$4,0),FALSE),0) -> 0 | Y56: =F56*700 -> 1883.0769 | Z56: =_xlfn.XLOOKUP(B56,[1]Xref!$H:$H,[1]Xref!$A:$A) -> AU3426H | AA56: =SUM(M56:P56) -> 0 | AB56: =ROUNDUP(AA56/Y56,0) -> 0 | AC56: =AB56-SUMPRODUCT(AE56:AL56,$AE$6:$AL$6) -> 0 | AM56: =SUMPRODUCT(AE56:AL56,$AE$6:$AL$6)*700 -> 0 | AN56: =AC56*700 -> 0
A57: 12 | B57: 238913 | C57: TR684B/NH900L/NB/65 | D57: FF TR684B-40610-65 | E57: FF TR684B-40610-130 | F57: 2.6901098901098903 | G57: 9182 | I57: 3292 | J57: 1749 | M57: 0 | N57: 0 | O57: 0 | P57: 0 | Q57: =IFERROR(VLOOKUP($E57,Adaptive!$A:$J,MATCH(Q$8,Adaptive!$4:$4,0),FALSE),0) -> 0 | R57: =IFERROR(VLOOKUP($E57,Adaptive!$A:$J,MATCH(R$8,Adaptive!$4:$4,0),FALSE),0) -> 0 | S57: =IFERROR(VLOOKUP($E57,Adaptive!$A:$J,MATCH(S$8,Adaptive!$4:$4,0),FALSE),0) -> 0 | T57: =IFERROR(VLOOKUP($E57,Adaptive!$A:$J,MATCH(T$8,Adaptive!$4:$4,0),FALSE),0) -> 0 | U57: =IFERROR(VLOOKUP($E57,Adaptive!$A:$J,MATCH(U$8,Adaptive!$4:$4,0),FALSE),0) -> 0 | V57: =IFERROR(VLOOKUP($E57,Adaptive!$A:$J,MATCH(V$8,Adaptive!$4:$4,0),FALSE),0) -> 0 | W57: =IFERROR(VLOOKUP($E57,Adaptive!$A:$J,MATCH(W$8,Adaptive!$4:$4,0),FALSE),0) -> 0 | X57: =IFERROR(VLOOKUP($E57,Adaptive!$A:$J,MATCH(X$8,Adaptive!$4:$4,0),FALSE),0) -> 0 | Y57: =F57*700 -> 1883.0769 | Z57: =_xlfn.XLOOKUP(B57,[1]Xref!$H:$H,[1]Xref!$A:$A) -> AU3426H | AA57: =SUM(M57:P57) -> 0 | AB57: =ROUNDUP(AA57/Y57,0) -> 0 | AC57: =AB57-SUMPRODUCT(AE57:AL57,$AE$6:$AL$6) -> 0 | AM57: =SUMPRODUCT(AE57:AL57,$AE$6:$AL$6)*700 -> 0 | AN57: =AC57*700 -> 0
A58: 50 | B58: 238968 | C58: LYRICRSS/1Y1/LSG/64 | D58: FF LYRICRSS-40582-64 | E58: FF LYRICRSS-40582-128 | F58: 2.467741935483871 | G58: 280 | H58: 1830 | I58: 0 | J58: 741 | K58: 0 | L58: 0 | M58: 0 | N58: 0 | O58: 0 | P58: 0 | Q58: =IFERROR(VLOOKUP($E58,Adaptive!$A:$J,MATCH(Q$8,Adaptive!$4:$4,0),FALSE),0) -> 0 | R58: =IFERROR(VLOOKUP($E58,Adaptive!$A:$J,MATCH(R$8,Adaptive!$4:$4,0),FALSE),0) -> 1830 | S58: =IFERROR(VLOOKUP($E58,Adaptive!$A:$J,MATCH(S$8,Adaptive!$4:$4,0),FALSE),0) -> 0 | T58: =IFERROR(VLOOKUP($E58,Adaptive!$A:$J,MATCH(T$8,Adaptive!$4:$4,0),FALSE),0) -> 0 | U58: =IFERROR(VLOOKUP($E58,Adaptive!$A:$J,MATCH(U$8,Adaptive!$4:$4,0),FALSE),0) -> 1830 | V58: =IFERROR(VLOOKUP($E58,Adaptive!$A:$J,MATCH(V$8,Adaptive!$4:$4,0),FALSE),0) -> 0 | W58: =IFERROR(VLOOKUP($E58,Adaptive!$A:$J,MATCH(W$8,Adaptive!$4:$4,0),FALSE),0) -> 0 | X58: =IFERROR(VLOOKUP($E58,Adaptive!$A:$J,MATCH(X$8,Adaptive!$4:$4,0),FALSE),0) -> 0 | Y58: =F58*700 -> 1727.4194 | Z58: =_xlfn.XLOOKUP(B58,[1]Xref!$H:$H,[1]Xref!$A:$A) -> AU4782DREP | AA58: =SUM(M58:P58) -> 0 | AB58: =ROUNDUP(AA58/Y58,0) -> 0 | AC58: =AB58-SUMPRODUCT(AE58:AL58,$AE$6:$AL$6) -> 0 | AM58: =SUMPRODUCT(AE58:AL58,$AE$6:$AL$6)*700 -> 0 | AN58: =AC58*700 -> 0
A59: 10 | B59: 238993 | C59: ARCTICP/600R/JB/61 | D59: FF ARCTICP-39885-61 | E59: FF ARCTICP-39885-122 | F59: 2.972677595628415 | J59: 713 | M59: 0 | N59: 713 | Q59: =IFERROR(VLOOKUP($E59,Adaptive!$A:$J,MATCH(Q$8,Adaptive!$4:$4,0),FALSE),0) -> 0 | R59: =IFERROR(VLOOKUP($E59,Adaptive!$A:$J,MATCH(R$8,Adaptive!$4:$4,0),FALSE),0) -> 0 | S59: =IFERROR(VLOOKUP($E59,Adaptive!$A:$J,MATCH(S$8,Adaptive!$4:$4,0),FALSE),0) -> 0 | T59: =IFERROR(VLOOKUP($E59,Adaptive!$A:$J,MATCH(T$8,Adaptive!$4:$4,0),FALSE),0) -> 0 | U59: =IFERROR(VLOOKUP($E59,Adaptive!$A:$J,MATCH(U$8,Adaptive!$4:$4,0),FALSE),0) -> 0 | V59: =IFERROR(VLOOKUP($E59,Adaptive!$A:$J,MATCH(V$8,Adaptive!$4:$4,0),FALSE),0) -> 0 | W59: =IFERROR(VLOOKUP($E59,Adaptive!$A:$J,MATCH(W$8,Adaptive!$4:$4,0),FALSE),0) -> 0 | X59: =IFERROR(VLOOKUP($E59,Adaptive!$A:$J,MATCH(X$8,Adaptive!$4:$4,0),FALSE),0) -> 0 | Y59: =F59*700 -> 2080.8743 | Z59: =_xlfn.XLOOKUP(B59,[1]Xref!$H:$H,[1]Xref!$A:$A) -> AU5429D | AA59: =SUM(M59:P59) -> 713 | AB59: =ROUNDUP(AA59/Y59,0) -> 1 | AC59: =AB59-SUMPRODUCT(AE59:AL59,$AE$6:$AL$6) -> 1 | AM59: =SUMPRODUCT(AE59:AL59,$AE$6:$AL$6)*700 -> 0 | AN59: =AC59*700 -> 700
A60: 50 | B60: 239569 | C60: AEROKNIT/V003/TNTGR/61 | D60: FF AEROKNIT D-40637-61 | E60: FF AEROKNIT D-40637-122 | F60: 2.8665105386416863 | G60: 14529 | I60: 6307 | J60: 7420 | K60: 3392 | L60: 0 | M60: 0 | N60: 0 | O60: 2590 | P60: 0 | Q60: =IFERROR(VLOOKUP($E60,Adaptive!$A:$J,MATCH(Q$8,Adaptive!$4:$4,0),FALSE),0) -> 0 | R60: =IFERROR(VLOOKUP($E60,Adaptive!$A:$J,MATCH(R$8,Adaptive!$4:$4,0),FALSE),0) -> 0 | S60: =IFERROR(VLOOKUP($E60,Adaptive!$A:$J,MATCH(S$8,Adaptive!$4:$4,0),FALSE),0) -> 0 | T60: =IFERROR(VLOOKUP($E60,Adaptive!$A:$J,MATCH(T$8,Adaptive!$4:$4,0),FALSE),0) -> 0 | U60: =IFERROR(VLOOKUP($E60,Adaptive!$A:$J,MATCH(U$8,Adaptive!$4:$4,0),FALSE),0) -> 0 | V60: =IFERROR(VLOOKUP($E60,Adaptive!$A:$J,MATCH(V$8,Adaptive!$4:$4,0),FALSE),0) -> 0 | W60: =IFERROR(VLOOKUP($E60,Adaptive!$A:$J,MATCH(W$8,Adaptive!$4:$4,0),FALSE),0) -> 0 | X60: =IFERROR(VLOOKUP($E60,Adaptive!$A:$J,MATCH(X$8,Adaptive!$4:$4,0),FALSE),0) -> 0 | Y60: =F60*700 -> 2006.5574 | Z60: =_xlfn.XLOOKUP(B60,[1]Xref!$H:$H,[1]Xref!$A:$A) -> AU3426H | AA60: =SUM(M60:P60) -> 2590 | AB60: =ROUNDUP(AA60/Y60,0) -> 2 | AC60: =AB60-SUMPRODUCT(AE60:AL60,$AE$6:$AL$6) -> 2 | AM60: =SUMPRODUCT(AE60:AL60,$AE$6:$AL$6)*700 -> 0 | AN60: =AC60*700 -> 1400
A61: 50 | B61: 239960A | C61: LYRICHELHS/HV1/CRM/63 | D61: FF LYRICHELHS-41114-63 | E61: FF LYRICHELHS-41114-126 | F61: 2.5069124423963136 | G61: 9824 | H61: 7750 | I61: 8771 | J61: 8692 | K61: 0 | L61: 4770 | M61: 0 | N61: 0 | O61: 0 | P61: 4659 | Q61: =IFERROR(VLOOKUP($E61,Adaptive!$A:$J,MATCH(Q$8,Adaptive!$4:$4,0),FALSE),0) -> 0 | R61: =IFERROR(VLOOKUP($E61,Adaptive!$A:$J,MATCH(R$8,Adaptive!$4:$4,0),FALSE),0) -> 7750 | S61: =IFERROR(VLOOKUP($E61,Adaptive!$A:$J,MATCH(S$8,Adaptive!$4:$4,0),FALSE),0) -> 0 | T61: =IFERROR(VLOOKUP($E61,Adaptive!$A:$J,MATCH(T$8,Adaptive!$4:$4,0),FALSE),0) -> 0 | U61: =IFERROR(VLOOKUP($E61,Adaptive!$A:$J,MATCH(U$8,Adaptive!$4:$4,0),FALSE),0) -> 7750 | V61: =IFERROR(VLOOKUP($E61,Adaptive!$A:$J,MATCH(V$8,Adaptive!$4:$4,0),FALSE),0) -> 0 | W61: =IFERROR(VLOOKUP($E61,Adaptive!$A:$J,MATCH(W$8,Adaptive!$4:$4,0),FALSE),0) -> 0 | X61: =IFERROR(VLOOKUP($E61,Adaptive!$A:$J,MATCH(X$8,Adaptive!$4:$4,0),FALSE),0) -> 0 | Y61: =F61*700 -> 1754.8387 | Z61: =_xlfn.XLOOKUP(B61,[1]Xref!$H:$H,[1]Xref!$A:$A) -> AU4782K | AA61: =SUM(M61:P61) -> 4659 | AB61: =ROUNDUP(AA61/Y61,0) -> 3 | AC61: =AB61-SUMPRODUCT(AE61:AL61,$AE$6:$AL$6) -> 3 | AM61: =SUMPRODUCT(AE61:AL61,$AE$6:$AL$6)*700 -> 0 | AN61: =AC61*700 -> 2100
A62: 50 | B62: 240608 | C62: EPIC/TX7/GLBLBLCK/67 | D62: FF EPIC-40362-67 | E62: FF EPIC-40362-134 | F62: 2.3572460279248912 | G62: 1498 | I62: 0 | J62: 0 | K62: 0 | L62: 1926 | M62: 0 | N62: 0 | O62: 0 | P62: 0 | Q62: =IFERROR(VLOOKUP($E62,Adaptive!$A:$J,MATCH(Q$8,Adaptive!$4:$4,0),FALSE),0) -> 0 | R62: =IFERROR(VLOOKUP($E62,Adaptive!$A:$J,MATCH(R$8,Adaptive!$4:$4,0),FALSE),0) -> 0 | S62: =IFERROR(VLOOKUP($E62,Adaptive!$A:$J,MATCH(S$8,Adaptive!$4:$4,0),FALSE),0) -> 0 | T62: =IFERROR(VLOOKUP($E62,Adaptive!$A:$J,MATCH(T$8,Adaptive!$4:$4,0),FALSE),0) -> 0 | U62: =IFERROR(VLOOKUP($E62,Adaptive!$A:$J,MATCH(U$8,Adaptive!$4:$4,0),FALSE),0) -> 0 | V62: =IFERROR(VLOOKUP($E62,Adaptive!$A:$J,MATCH(V$8,Adaptive!$4:$4,0),FALSE),0) -> 0 | W62: =IFERROR(VLOOKUP($E62,Adaptive!$A:$J,MATCH(W$8,Adaptive!$4:$4,0),FALSE),0) -> 0 | X62: =IFERROR(VLOOKUP($E62,Adaptive!$A:$J,MATCH(X$8,Adaptive!$4:$4,0),FALSE),0) -> 0 | Y62: =F62*700 -> 1650.0722 | Z62: =_xlfn.XLOOKUP(B62,[1]Xref!$H:$H,[1]Xref!$A:$A) -> AU5429D | AA62: =SUM(M62:P62) -> 0 | AB62: =ROUNDUP(AA62/Y62,0) -> 0 | AC62: =AB62-SUMPRODUCT(AE62:AL62,$AE$6:$AL$6) -> 0 | AM62: =SUMPRODUCT(AE62:AL62,$AE$6:$AL$6)*700 -> 0 | AN62: =AC62*700 -> 0
A63: 50 | B63: 241147 | C63: MOLTO/G4LW/HAZEL/64VA | D63: FF MOLTO-NA-40771-64 | E63: FF MOLTO-NA-40771-128 | F63: 1.627659574468085 | G63: 875 | I63: 848 | J63: 848 | K63: 848 | L63: 0 | M63: 0 | N63: 821 | O63: 848 | P63: 0 | Q63: =IFERROR(VLOOKUP($E63,Adaptive!$A:$J,MATCH(Q$8,Adaptive!$4:$4,0),FALSE),0) -> 0 | R63: =IFERROR(VLOOKUP($E63,Adaptive!$A:$J,MATCH(R$8,Adaptive!$4:$4,0),FALSE),0) -> 0 | S63: =IFERROR(VLOOKUP($E63,Adaptive!$A:$J,MATCH(S$8,Adaptive!$4:$4,0),FALSE),0) -> 0 | T63: =IFERROR(VLOOKUP($E63,Adaptive!$A:$J,MATCH(T$8,Adaptive!$4:$4,0),FALSE),0) -> 0 | U63: =IFERROR(VLOOKUP($E63,Adaptive!$A:$J,MATCH(U$8,Adaptive!$4:$4,0),FALSE),0) -> 0 | V63: =IFERROR(VLOOKUP($E63,Adaptive!$A:$J,MATCH(V$8,Adaptive!$4:$4,0),FALSE),0) -> 0 | W63: =IFERROR(VLOOKUP($E63,Adaptive!$A:$J,MATCH(W$8,Adaptive!$4:$4,0),FALSE),0) -> 0 | X63: =IFERROR(VLOOKUP($E63,Adaptive!$A:$J,MATCH(X$8,Adaptive!$4:$4,0),FALSE),0) -> 0 | Y63: =F63*700 -> 1139.3617 | Z63: =_xlfn.XLOOKUP(B63,[1]Xref!$H:$H,[1]Xref!$A:$A) -> AU7389G | AA63: =SUM(M63:P63) -> 1669 | AB63: =ROUNDUP(AA63/Y63,0) -> 2 | AC63: =AB63-SUMPRODUCT(AE63:AL63,$AE$6:$AL$6) -> 2 | AM63: =SUMPRODUCT(AE63:AL63,$AE$6:$AL$6)*700 -> 0 | AN63: =AC63*700 -> 1400
A64: 10 | B64: 241190 | C64: ARCTICP/309X/VDA/61 | D64: FF ARCTICP-40937-61 | E64: FF ARCTICP-40937-122 | F64: 2.972677595628415 | M64: 0 | N64: 0 | O64: 0 | P64: 0 | Q64: =IFERROR(VLOOKUP($E64,Adaptive!$A:$J,MATCH(Q$8,Adaptive!$4:$4,0),FALSE),0) -> 0 | R64: =IFERROR(VLOOKUP($E64,Adaptive!$A:$J,MATCH(R$8,Adaptive!$4:$4,0),FALSE),0) -> 0 | S64: =IFERROR(VLOOKUP($E64,Adaptive!$A:$J,MATCH(S$8,Adaptive!$4:$4,0),FALSE),0) -> 0 | T64: =IFERROR(VLOOKUP($E64,Adaptive!$A:$J,MATCH(T$8,Adaptive!$4:$4,0),FALSE),0) -> 0 | U64: =IFERROR(VLOOKUP($E64,Adaptive!$A:$J,MATCH(U$8,Adaptive!$4:$4,0),FALSE),0) -> 0 | V64: =IFERROR(VLOOKUP($E64,Adaptive!$A:$J,MATCH(V$8,Adaptive!$4:$4,0),FALSE),0) -> 0 | W64: =IFERROR(VLOOKUP($E64,Adaptive!$A:$J,MATCH(W$8,Adaptive!$4:$4,0),FALSE),0) -> 0 | X64: =IFERROR(VLOOKUP($E64,Adaptive!$A:$J,MATCH(X$8,Adaptive!$4:$4,0),FALSE),0) -> 0 | Y64: =F64*700 -> 2080.8743 | Z64: =_xlfn.XLOOKUP(B64,[1]Xref!$H:$H,[1]Xref!$A:$A) -> AU5429D | AA64: =SUM(M64:P64) -> 0 | AB64: =ROUNDUP(AA64/Y64,0) -> 0 | AC64: =AB64-SUMPRODUCT(AE64:AL64,$AE$6:$AL$6) -> 0 | AM64: =SUMPRODUCT(AE64:AL64,$AE$6:$AL$6)*700 -> 0 | AN64: =AC64*700 -> 0
A65: 10 | B65: 241191 | C65: ARCTICP/999K/DAG/61 | D65: FF ARCTICP-40938-61 | E65: FF ARCTICP-40938-122 | F65: 2.972677595628415 | G65: 1608 | I65: 2113 | J65: 0 | M65: 505 | N65: 0 | Q65: =IFERROR(VLOOKUP($E65,Adaptive!$A:$J,MATCH(Q$8,Adaptive!$4:$4,0),FALSE),0) -> 0 | R65: =IFERROR(VLOOKUP($E65,Adaptive!$A:$J,MATCH(R$8,Adaptive!$4:$4,0),FALSE),0) -> 0 | S65: =IFERROR(VLOOKUP($E65,Adaptive!$A:$J,MATCH(S$8,Adaptive!$4:$4,0),FALSE),0) -> 0 | T65: =IFERROR(VLOOKUP($E65,Adaptive!$A:$J,MATCH(T$8,Adaptive!$4:$4,0),FALSE),0) -> 0 | U65: =IFERROR(VLOOKUP($E65,Adaptive!$A:$J,MATCH(U$8,Adaptive!$4:$4,0),FALSE),0) -> 0 | V65: =IFERROR(VLOOKUP($E65,Adaptive!$A:$J,MATCH(V$8,Adaptive!$4:$4,0),FALSE),0) -> 0 | W65: =IFERROR(VLOOKUP($E65,Adaptive!$A:$J,MATCH(W$8,Adaptive!$4:$4,0),FALSE),0) -> 0 | X65: =IFERROR(VLOOKUP($E65,Adaptive!$A:$J,MATCH(X$8,Adaptive!$4:$4,0),FALSE),0) -> 0 | Y65: =F65*700 -> 2080.8743 | Z65: =_xlfn.XLOOKUP(B65,[1]Xref!$H:$H,[1]Xref!$A:$A) -> AU5429D | AA65: =SUM(M65:P65) -> 505 | AB65: =ROUNDUP(AA65/Y65,0) -> 1 | AC65: =AB65-SUMPRODUCT(AE65:AL65,$AE$6:$AL$6) -> 1 | AM65: =SUMPRODUCT(AE65:AL65,$AE$6:$AL$6)*700 -> 0 | AN65: =AC65*700 -> 700
A66: 12 | B66: 241346 | C66: MOLTO/G4LW/HAZEL/57 | D66: FF MOLTO-NA-40771-57 | E66: FF MOLTO-NA-40771-114 | F66: 1.8275475923852182 | I66: 79 | J66: 530 | M66: 79 | N66: 530 | Q66: =IFERROR(VLOOKUP($E66,Adaptive!$A:$J,MATCH(Q$8,Adaptive!$4:$4,0),FALSE),0) -> 0 | R66: =IFERROR(VLOOKUP($E66,Adaptive!$A:$J,MATCH(R$8,Adaptive!$4:$4,0),FALSE),0) -> 0 | S66: =IFERROR(VLOOKUP($E66,Adaptive!$A:$J,MATCH(S$8,Adaptive!$4:$4,0),FALSE),0) -> 0 | T66: =IFERROR(VLOOKUP($E66,Adaptive!$A:$J,MATCH(T$8,Adaptive!$4:$4,0),FALSE),0) -> 0 | U66: =IFERROR(VLOOKUP($E66,Adaptive!$A:$J,MATCH(U$8,Adaptive!$4:$4,0),FALSE),0) -> 0 | V66: =IFERROR(VLOOKUP($E66,Adaptive!$A:$J,MATCH(V$8,Adaptive!$4:$4,0),FALSE),0) -> 0 | W66: =IFERROR(VLOOKUP($E66,Adaptive!$A:$J,MATCH(W$8,Adaptive!$4:$4,0),FALSE),0) -> 0 | X66: =IFERROR(VLOOKUP($E66,Adaptive!$A:$J,MATCH(X$8,Adaptive!$4:$4,0),FALSE),0) -> 0 | Y66: =F66*700 -> 1279.2833 | Z66: =_xlfn.XLOOKUP(B66,[1]Xref!$H:$H,[1]Xref!$A:$A) -> AU7389G | AA66: =SUM(M66:P66) -> 609 | AB66: =ROUNDUP(AA66/Y66,0) -> 1 | AC66: =AB66-SUMPRODUCT(AE66:AL66,$AE$6:$AL$6) -> 1 | AM66: =SUMPRODUCT(AE66:AL66,$AE$6:$AL$6)*700 -> 0 | AN66: =AC66*700 -> 700
A67: 50 | B67: 241540A | C67: MOLTO/105B/LT GRAY/62 | D67: FF MOLTO-NA-40382-62 | E67: FF MOLTO-NA-40382-124 | F67: 1.6801647220315716 | G67: 25885 | I67: 0 | J67: 16051 | K67: 0 | L67: 44838 | M67: 0 | N67: 0 | O67: 0 | P67: 35004 | Q67: =IFERROR(VLOOKUP($E67,Adaptive!$A:$J,MATCH(Q$8,Adaptive!$4:$4,0),FALSE),0) -> 0 | R67: =IFERROR(VLOOKUP($E67,Adaptive!$A:$J,MATCH(R$8,Adaptive!$4:$4,0),FALSE),0) -> 0 | S67: =IFERROR(VLOOKUP($E67,Adaptive!$A:$J,MATCH(S$8,Adaptive!$4:$4,0),FALSE),0) -> 0 | T67: =IFERROR(VLOOKUP($E67,Adaptive!$A:$J,MATCH(T$8,Adaptive!$4:$4,0),FALSE),0) -> 0 | U67: =IFERROR(VLOOKUP($E67,Adaptive!$A:$J,MATCH(U$8,Adaptive!$4:$4,0),FALSE),0) -> 0 | V67: =IFERROR(VLOOKUP($E67,Adaptive!$A:$J,MATCH(V$8,Adaptive!$4:$4,0),FALSE),0) -> 0 | W67: =IFERROR(VLOOKUP($E67,Adaptive!$A:$J,MATCH(W$8,Adaptive!$4:$4,0),FALSE),0) -> 0 | X67: =IFERROR(VLOOKUP($E67,Adaptive!$A:$J,MATCH(X$8,Adaptive!$4:$4,0),FALSE),0) -> 0 | Y67: =F67*700 -> 1176.1153 | Z67: =_xlfn.XLOOKUP(B67,[1]Xref!$H:$H,[1]Xref!$A:$A) -> AU7389H | AA67: =SUM(M67:P67) -> 35004 | AB67: =ROUNDUP(AA67/Y67,0) -> 30 | AC67: =AB67-SUMPRODUCT(AE67:AL67,$AE$6:$AL$6) -> 9 | AI67: 7 | AM67: =SUMPRODUCT(AE67:AL67,$AE$6:$AL$6)*700 -> 14700 | AN67: =AC67*700 -> 6300
A68: 12 | B68: 241674 | C68: TR684B/C9G/LJG/65 | D68: FF TR684B-40760-65 | E68: FF TR684B-40760-130 | F68: 2.6901098901098903 | I68: 199 | M68: 0 | N68: 0 | O68: 0 | P68: 0 | Q68: =IFERROR(VLOOKUP($E68,Adaptive!$A:$J,MATCH(Q$8,Adaptive!$4:$4,0),FALSE),0) -> 0 | R68: =IFERROR(VLOOKUP($E68,Adaptive!$A:$J,MATCH(R$8,Adaptive!$4:$4,0),FALSE),0) -> 0 | S68: =IFERROR(VLOOKUP($E68,Adaptive!$A:$J,MATCH(S$8,Adaptive!$4:$4,0),FALSE),0) -> 0 | T68: =IFERROR(VLOOKUP($E68,Adaptive!$A:$J,MATCH(T$8,Adaptive!$4:$4,0),FALSE),0) -> 0 | U68: =IFERROR(VLOOKUP($E68,Adaptive!$A:$J,MATCH(U$8,Adaptive!$4:$4,0),FALSE),0) -> 0 | V68: =IFERROR(VLOOKUP($E68,Adaptive!$A:$J,MATCH(V$8,Adaptive!$4:$4,0),FALSE),0) -> 0 | W68: =IFERROR(VLOOKUP($E68,Adaptive!$A:$J,MATCH(W$8,Adaptive!$4:$4,0),FALSE),0) -> 0 | X68: =IFERROR(VLOOKUP($E68,Adaptive!$A:$J,MATCH(X$8,Adaptive!$4:$4,0),FALSE),0) -> 0 | Y68: =F68*700 -> 1883.0769 | Z68: =_xlfn.XLOOKUP(B68,[1]Xref!$H:$H,[1]Xref!$A:$A) -> AU3426H | AA68: =SUM(M68:P68) -> 0 | AB68: =ROUNDUP(AA68/Y68,0) -> 0 | AC68: =AB68-SUMPRODUCT(AE68:AL68,$AE$6:$AL$6) -> 0 | AM68: =SUMPRODUCT(AE68:AL68,$AE$6:$AL$6)*700 -> 0 | AN68: =AC68*700 -> 0
A69: 50 | B69: 242039 | C69: PARADIGM/DKGR/61 | D69: FF PARADIGMH-40726-61 | E69: FF PARADIGMH-40726-122 | F69: 2.432190760059613 | I69: 0 | J69: 0 | K69: 0 | L69: 1024 | M69: 0 | N69: 0 | O69: 0 | P69: 1024 | Q69: =IFERROR(VLOOKUP($E69,Adaptive!$A:$J,MATCH(Q$8,Adaptive!$4:$4,0),FALSE),0) -> 0 | R69: =IFERROR(VLOOKUP($E69,Adaptive!$A:$J,MATCH(R$8,Adaptive!$4:$4,0),FALSE),0) -> 0 | S69: =IFERROR(VLOOKUP($E69,Adaptive!$A:$J,MATCH(S$8,Adaptive!$4:$4,0),FALSE),0) -> 0 | T69: =IFERROR(VLOOKUP($E69,Adaptive!$A:$J,MATCH(T$8,Adaptive!$4:$4,0),FALSE),0) -> 0 | U69: =IFERROR(VLOOKUP($E69,Adaptive!$A:$J,MATCH(U$8,Adaptive!$4:$4,0),FALSE),0) -> 0 | V69: =IFERROR(VLOOKUP($E69,Adaptive!$A:$J,MATCH(V$8,Adaptive!$4:$4,0),FALSE),0) -> 0 | W69: =IFERROR(VLOOKUP($E69,Adaptive!$A:$J,MATCH(W$8,Adaptive!$4:$4,0),FALSE),0) -> 0 | X69: =IFERROR(VLOOKUP($E69,Adaptive!$A:$J,MATCH(X$8,Adaptive!$4:$4,0),FALSE),0) -> 0 | Y69: =F69*700 -> 1702.5335 | Z69: =_xlfn.XLOOKUP(B69,[1]Xref!$H:$H,[1]Xref!$A:$A) -> AU7368H | AA69: =SUM(M69:P69) -> 1024 | AB69: =ROUNDUP(AA69/Y69,0) -> 1 | AC69: =AB69-SUMPRODUCT(AE69:AL69,$AE$6:$AL$6) -> 1 | AM69: =SUMPRODUCT(AE69:AL69,$AE$6:$AL$6)*700 -> 0 | AN69: =AC69*700 -> 700
A70: 50 | B70: 242317 | C70: MOLTOSS/202B/BLACK/73 | D70: FF MOLTOSS-NA-40569-73 | E70: FF MOLTOSS-NA-40569-146 | F70: 1.4269892159720199 | I70: 2046 | J70: 848 | K70: 0 | L70: 636 | M70: 2046 | N70: 848 | O70: 0 | P70: 636 | Q70: =IFERROR(VLOOKUP($E70,Adaptive!$A:$J,MATCH(Q$8,Adaptive!$4:$4,0),FALSE),0) -> 0 | R70: =IFERROR(VLOOKUP($E70,Adaptive!$A:$J,MATCH(R$8,Adaptive!$4:$4,0),FALSE),0) -> 0 | S70: =IFERROR(VLOOKUP($E70,Adaptive!$A:$J,MATCH(S$8,Adaptive!$4:$4,0),FALSE),0) -> 0 | T70: =IFERROR(VLOOKUP($E70,Adaptive!$A:$J,MATCH(T$8,Adaptive!$4:$4,0),FALSE),0) -> 0 | U70: =IFERROR(VLOOKUP($E70,Adaptive!$A:$J,MATCH(U$8,Adaptive!$4:$4,0),FALSE),0) -> 0 | V70: =IFERROR(VLOOKUP($E70,Adaptive!$A:$J,MATCH(V$8,Adaptive!$4:$4,0),FALSE),0) -> 0 | W70: =IFERROR(VLOOKUP($E70,Adaptive!$A:$J,MATCH(W$8,Adaptive!$4:$4,0),FALSE),0) -> 0 | X70: =IFERROR(VLOOKUP($E70,Adaptive!$A:$J,MATCH(X$8,Adaptive!$4:$4,0),FALSE),0) -> 0 | Y70: =F70*700 -> 998.89245 | Z70: =_xlfn.XLOOKUP(B70,[1]Xref!$H:$H,[1]Xref!$A:$A) -> AU7538B | AA70: =SUM(M70:P70) -> 3530 | AB70: =ROUNDUP(AA70/Y70,0) -> 4 | AC70: =AB70-SUMPRODUCT(AE70:AL70,$AE$6:$AL$6) -> 2 | AH70: 1 | AM70: =SUMPRODUCT(AE70:AL70,$AE$6:$AL$6)*700 -> 1400 | AN70: =AC70*700 -> 1400
A71: 50 | B71: 242318 | C71: MOLTOSS/016B/LEX WH/73 | D71: FF MOLTOSS-NA-40779-73 | E71: FF MOLTOSS-NA-40779-146 | F71: 1.4269892159720199 | I71: 530 | J71: 0 | K71: 0 | L71: 0 | M71: 0 | N71: 0 | O71: 0 | P71: 0 | Q71: =IFERROR(VLOOKUP($E71,Adaptive!$A:$J,MATCH(Q$8,Adaptive!$4:$4,0),FALSE),0) -> 0 | R71: =IFERROR(VLOOKUP($E71,Adaptive!$A:$J,MATCH(R$8,Adaptive!$4:$4,0),FALSE),0) -> 0 | S71: =IFERROR(VLOOKUP($E71,Adaptive!$A:$J,MATCH(S$8,Adaptive!$4:$4,0),FALSE),0) -> 0 | T71: =IFERROR(VLOOKUP($E71,Adaptive!$A:$J,MATCH(T$8,Adaptive!$4:$4,0),FALSE),0) -> 0 | U71: =IFERROR(VLOOKUP($E71,Adaptive!$A:$J,MATCH(U$8,Adaptive!$4:$4,0),FALSE),0) -> 0 | V71: =IFERROR(VLOOKUP($E71,Adaptive!$A:$J,MATCH(V$8,Adaptive!$4:$4,0),FALSE),0) -> 0 | W71: =IFERROR(VLOOKUP($E71,Adaptive!$A:$J,MATCH(W$8,Adaptive!$4:$4,0),FALSE),0) -> 0 | X71: =IFERROR(VLOOKUP($E71,Adaptive!$A:$J,MATCH(X$8,Adaptive!$4:$4,0),FALSE),0) -> 0 | Y71: =F71*700 -> 998.89245 | Z71: =_xlfn.XLOOKUP(B71,[1]Xref!$H:$H,[1]Xref!$A:$A) -> AU7538B | AA71: =SUM(M71:P71) -> 0 | AB71: =ROUNDUP(AA71/Y71,0) -> 0 | AC71: =AB71-SUMPRODUCT(AE71:AL71,$AE$6:$AL$6) -> 0 | AM71: =SUMPRODUCT(AE71:AL71,$AE$6:$AL$6)*700 -> 0 | AN71: =AC71*700 -> 0
A72: 50 | B72: 242792 | C72: LYRICPHE/3J2/LST/63 | D72: FF LYRICPHE-41122-63 | E72: FF LYRICPHE-41122-126 | F72: 2.5069124423963136 | I72: 1851 | J72: 0 | K72: 0 | L72: 0 | M72: 1851 | N72: 0 | O72: 0 | P72: 0 | Q72: =IFERROR(VLOOKUP($E72,Adaptive!$A:$J,MATCH(Q$8,Adaptive!$4:$4,0),FALSE),0) -> 0 | R72: =IFERROR(VLOOKUP($E72,Adaptive!$A:$J,MATCH(R$8,Adaptive!$4:$4,0),FALSE),0) -> 0 | S72: =IFERROR(VLOOKUP($E72,Adaptive!$A:$J,MATCH(S$8,Adaptive!$4:$4,0),FALSE),0) -> 0 | T72: =IFERROR(VLOOKUP($E72,Adaptive!$A:$J,MATCH(T$8,Adaptive!$4:$4,0),FALSE),0) -> 0 | U72: =IFERROR(VLOOKUP($E72,Adaptive!$A:$J,MATCH(U$8,Adaptive!$4:$4,0),FALSE),0) -> 0 | V72: =IFERROR(VLOOKUP($E72,Adaptive!$A:$J,MATCH(V$8,Adaptive!$4:$4,0),FALSE),0) -> 0 | W72: =IFERROR(VLOOKUP($E72,Adaptive!$A:$J,MATCH(W$8,Adaptive!$4:$4,0),FALSE),0) -> 0 | X72: =IFERROR(VLOOKUP($E72,Adaptive!$A:$J,MATCH(X$8,Adaptive!$4:$4,0),FALSE),0) -> 0 | Y72: =F72*700 -> 1754.8387 | Z72: =_xlfn.XLOOKUP(B72,[1]Xref!$H:$H,[1]Xref!$A:$A) -> AU4782K | AA72: =SUM(M72:P72) -> 1851 | AB72: =ROUNDUP(AA72/Y72,0) -> 2 | AC72: =AB72-SUMPRODUCT(AE72:AL72,$AE$6:$AL$6) -> 2 | AM72: =SUMPRODUCT(AE72:AL72,$AE$6:$AL$6)*700 -> 0 | AN72: =AC72*700 -> 1400
A73: 50 | B73: 242882 | C73: ANMUTC/SHETLAND/66 | D73: FF ANMUT-C-NA-40488-66 | E73: FF ANMUT-C-NA-40488-132 | F73: 2.6493506493506493 | G73: 1792 | H73: 6760 | I73: 0 | J73: 9718 | K73: 0 | L73: 13038 | M73: 0 | N73: 1166 | O73: 0 | P73: 13038 | Q73: =IFERROR(VLOOKUP($E73,Adaptive!$A:$J,MATCH(Q$8,Adaptive!$4:$4,0),FALSE),0) -> 0 | R73: =IFERROR(VLOOKUP($E73,Adaptive!$A:$J,MATCH(R$8,Adaptive!$4:$4,0),FALSE),0) -> 6760 | S73: =IFERROR(VLOOKUP($E73,Adaptive!$A:$J,MATCH(S$8,Adaptive!$4:$4,0),FALSE),0) -> 0 | T73: =IFERROR(VLOOKUP($E73,Adaptive!$A:$J,MATCH(T$8,Adaptive!$4:$4,0),FALSE),0) -> 0 | U73: =IFERROR(VLOOKUP($E73,Adaptive!$A:$J,MATCH(U$8,Adaptive!$4:$4,0),FALSE),0) -> 6760 | V73: =IFERROR(VLOOKUP($E73,Adaptive!$A:$J,MATCH(V$8,Adaptive!$4:$4,0),FALSE),0) -> 0 | W73: =IFERROR(VLOOKUP($E73,Adaptive!$A:$J,MATCH(W$8,Adaptive!$4:$4,0),FALSE),0) -> 0 | X73: =IFERROR(VLOOKUP($E73,Adaptive!$A:$J,MATCH(X$8,Adaptive!$4:$4,0),FALSE),0) -> 0 | Y73: =F73*700 -> 1854.5455 | Z73: =_xlfn.XLOOKUP(B73,[1]Xref!$H:$H,[1]Xref!$A:$A) -> ANMUT-C | AA73: =SUM(M73:P73) -> 14204 | AB73: =ROUNDUP(AA73/Y73,0) -> 8 | AC73: =AB73-SUMPRODUCT(AE73:AL73,$AE$6:$AL$6) -> 0 | AJ73: 2 | AM73: =SUMPRODUCT(AE73:AL73,$AE$6:$AL$6)*700 -> 5600 | AN73: =AC73*700 -> 0
A74: 50 | B74: 242883 | C74: ANMUTC/TITANSCHWARZ/66 | D74: FF ANMUT-C-NA-40487-66 | E74: FF ANMUT-C-NA-40487-132 | F74: 2.6493506493506493 | G74: 1906 | H74: 6808 | I74: 0 | J74: 189 | K74: 0 | L74: 2120 | M74: 0 | N74: 0 | O74: 0 | P74: 0 | Q74: =IFERROR(VLOOKUP($E74,Adaptive!$A:$J,MATCH(Q$8,Adaptive!$4:$4,0),FALSE),0) -> 0 | R74: =IFERROR(VLOOKUP($E74,Adaptive!$A:$J,MATCH(R$8,Adaptive!$4:$4,0),FALSE),0) -> 0 | S74: =IFERROR(VLOOKUP($E74,Adaptive!$A:$J,MATCH(S$8,Adaptive!$4:$4,0),FALSE),0) -> 0 | T74: =IFERROR(VLOOKUP($E74,Adaptive!$A:$J,MATCH(T$8,Adaptive!$4:$4,0),FALSE),0) -> 6808 | U74: =IFERROR(VLOOKUP($E74,Adaptive!$A:$J,MATCH(U$8,Adaptive!$4:$4,0),FALSE),0) -> 6808 | V74: =IFERROR(VLOOKUP($E74,Adaptive!$A:$J,MATCH(V$8,Adaptive!$4:$4,0),FALSE),0) -> 0 | W74: =IFERROR(VLOOKUP($E74,Adaptive!$A:$J,MATCH(W$8,Adaptive!$4:$4,0),FALSE),0) -> 0 | X74: =IFERROR(VLOOKUP($E74,Adaptive!$A:$J,MATCH(X$8,Adaptive!$4:$4,0),FALSE),0) -> 0 | Y74: =F74*700 -> 1854.5455 | Z74: =_xlfn.XLOOKUP(B74,[1]Xref!$H:$H,[1]Xref!$A:$A) -> ANMUT-C | AA74: =SUM(M74:P74) -> 0 | AB74: =ROUNDUP(AA74/Y74,0) -> 0 | AC74: =AB74-SUMPRODUCT(AE74:AL74,$AE$6:$AL$6) -> 0 | AM74: =SUMPRODUCT(AE74:AL74,$AE$6:$AL$6)*700 -> 0 | AN74: =AC74*700 -> 0
A75: 50 | B75: 243850 | C75: MOLTOSSX/G4LW/HAZEL/73 | D75: FF MOLTOSSX-NA-40780-73 | E75: FF MOLTOSSX-NA-40780-146 | F75: 1.4269892159720199 | I75: 0 | J75: 0 | K75: 0 | L75: 267 | M75: 0 | N75: 0 | O75: 0 | P75: 0 | Q75: =IFERROR(VLOOKUP($E75,Adaptive!$A:$J,MATCH(Q$8,Adaptive!$4:$4,0),FALSE),0) -> 0 | R75: =IFERROR(VLOOKUP($E75,Adaptive!$A:$J,MATCH(R$8,Adaptive!$4:$4,0),FALSE),0) -> 0 | S75: =IFERROR(VLOOKUP($E75,Adaptive!$A:$J,MATCH(S$8,Adaptive!$4:$4,0),FALSE),0) -> 0 | T75: =IFERROR(VLOOKUP($E75,Adaptive!$A:$J,MATCH(T$8,Adaptive!$4:$4,0),FALSE),0) -> 0 | U75: =IFERROR(VLOOKUP($E75,Adaptive!$A:$J,MATCH(U$8,Adaptive!$4:$4,0),FALSE),0) -> 0 | V75: =IFERROR(VLOOKUP($E75,Adaptive!$A:$J,MATCH(V$8,Adaptive!$4:$4,0),FALSE),0) -> 0 | W75: =IFERROR(VLOOKUP($E75,Adaptive!$A:$J,MATCH(W$8,Adaptive!$4:$4,0),FALSE),0) -> 0 | X75: =IFERROR(VLOOKUP($E75,Adaptive!$A:$J,MATCH(X$8,Adaptive!$4:$4,0),FALSE),0) -> 0 | Y75: =F75*700 -> 998.89245 | Z75: =_xlfn.XLOOKUP(B75,[1]Xref!$H:$H,[1]Xref!$A:$A) -> AU7538B | AA75: =SUM(M75:P75) -> 0 | AB75: =ROUNDUP(AA75/Y75,0) -> 0 | AC75: =AB75-SUMPRODUCT(AE75:AL75,$AE$6:$AL$6) -> 0 | AM75: =SUMPRODUCT(AE75:AL75,$AE$6:$AL$6)*700 -> 0 | AN75: =AC75*700 -> 0
A76: 50 | B76: 244366 | C76: MOLTOX/202B/BLACK/62 | D76: FF MOLTOX-NA-40383-62 | E76: FF MOLTOX-NA-40383-124 | F76: 1.6801647220315716 | G76: 78 | I76: 0 | J76: 0 | K76: 0 | L76: 356 | M76: 0 | N76: 0 | O76: 0 | P76: 0 | Q76: =IFERROR(VLOOKUP($E76,Adaptive!$A:$J,MATCH(Q$8,Adaptive!$4:$4,0),FALSE),0) -> 0 | R76: =IFERROR(VLOOKUP($E76,Adaptive!$A:$J,MATCH(R$8,Adaptive!$4:$4,0),FALSE),0) -> 0 | S76: =IFERROR(VLOOKUP($E76,Adaptive!$A:$J,MATCH(S$8,Adaptive!$4:$4,0),FALSE),0) -> 0 | T76: =IFERROR(VLOOKUP($E76,Adaptive!$A:$J,MATCH(T$8,Adaptive!$4:$4,0),FALSE),0) -> 0 | U76: =IFERROR(VLOOKUP($E76,Adaptive!$A:$J,MATCH(U$8,Adaptive!$4:$4,0),FALSE),0) -> 0 | V76: =IFERROR(VLOOKUP($E76,Adaptive!$A:$J,MATCH(V$8,Adaptive!$4:$4,0),FALSE),0) -> 0 | W76: =IFERROR(VLOOKUP($E76,Adaptive!$A:$J,MATCH(W$8,Adaptive!$4:$4,0),FALSE),0) -> 0 | X76: =IFERROR(VLOOKUP($E76,Adaptive!$A:$J,MATCH(X$8,Adaptive!$4:$4,0),FALSE),0) -> 0 | Y76: =F76*700 -> 1176.1153 | Z76: =_xlfn.XLOOKUP(B76,[1]Xref!$H:$H,[1]Xref!$A:$A) -> AU7389H | AA76: =SUM(M76:P76) -> 0 | AB76: =ROUNDUP(AA76/Y76,0) -> 0 | AC76: =AB76-SUMPRODUCT(AE76:AL76,$AE$6:$AL$6) -> 0 | AM76: =SUMPRODUCT(AE76:AL76,$AE$6:$AL$6)*700 -> 0 | AN76: =AC76*700 -> 0
A77: 50 | B77: 244368 | C77: MOLTOX/G4LW/HAZEL/62 | D77: FF MOLTOX-NA-40771-62 | E77: FF MOLTOX-NA-40771-124 | F77: 1.6801647220315716 | G77: 215 | H77: 1500 | I77: 0 | J77: 1273 | K77: 0 | L77: 1272 | M77: 0 | N77: 0 | O77: 0 | P77: 830 | Q77: =IFERROR(VLOOKUP($E77,Adaptive!$A:$J,MATCH(Q$8,Adaptive!$4:$4,0),FALSE),0) -> 1500 | R77: =IFERROR(VLOOKUP($E77,Adaptive!$A:$J,MATCH(R$8,Adaptive!$4:$4,0),FALSE),0) -> 0 | S77: =IFERROR(VLOOKUP($E77,Adaptive!$A:$J,MATCH(S$8,Adaptive!$4:$4,0),FALSE),0) -> 0 | T77: =IFERROR(VLOOKUP($E77,Adaptive!$A:$J,MATCH(T$8,Adaptive!$4:$4,0),FALSE),0) -> 0 | U77: =IFERROR(VLOOKUP($E77,Adaptive!$A:$J,MATCH(U$8,Adaptive!$4:$4,0),FALSE),0) -> 1500 | V77: =IFERROR(VLOOKUP($E77,Adaptive!$A:$J,MATCH(V$8,Adaptive!$4:$4,0),FALSE),0) -> 0 | W77: =IFERROR(VLOOKUP($E77,Adaptive!$A:$J,MATCH(W$8,Adaptive!$4:$4,0),FALSE),0) -> 0 | X77: =IFERROR(VLOOKUP($E77,Adaptive!$A:$J,MATCH(X$8,Adaptive!$4:$4,0),FALSE),0) -> 0 | Y77: =F77*700 -> 1176.1153 | Z77: =_xlfn.XLOOKUP(B77,[1]Xref!$H:$H,[1]Xref!$A:$A) -> AU7389H | AA77: =SUM(M77:P77) -> 830 | AB77: =ROUNDUP(AA77/Y77,0) -> 1 | AC77: =AB77-SUMPRODUCT(AE77:AL77,$AE$6:$AL$6) -> 1 | AM77: =SUMPRODUCT(AE77:AL77,$AE$6:$AL$6)*700 -> 0 | AN77: =AC77*700 -> 700
A78: 10 | B78: 244704 | C78: LYRICPHE/1Y1/LTSPGR/61 | D78: FF LYRICPHE-41120-61 | E78: FF LYRICPHE-41120-122 | F78: 2.589106292966684 | J78: 110 | M78: 0 | N78: 0 | O78: 0 | P78: 0 | Q78: =IFERROR(VLOOKUP($E78,Adaptive!$A:$J,MATCH(Q$8,Adaptive!$4:$4,0),FALSE),0) -> 0 | R78: =IFERROR(VLOOKUP($E78,Adaptive!$A:$J,MATCH(R$8,Adaptive!$4:$4,0),FALSE),0) -> 0 | S78: =IFERROR(VLOOKUP($E78,Adaptive!$A:$J,MATCH(S$8,Adaptive!$4:$4,0),FALSE),0) -> 0 | T78: =IFERROR(VLOOKUP($E78,Adaptive!$A:$J,MATCH(T$8,Adaptive!$4:$4,0),FALSE),0) -> 0 | U78: =IFERROR(VLOOKUP($E78,Adaptive!$A:$J,MATCH(U$8,Adaptive!$4:$4,0),FALSE),0) -> 0 | V78: =IFERROR(VLOOKUP($E78,Adaptive!$A:$J,MATCH(V$8,Adaptive!$4:$4,0),FALSE),0) -> 0 | W78: =IFERROR(VLOOKUP($E78,Adaptive!$A:$J,MATCH(W$8,Adaptive!$4:$4,0),FALSE),0) -> 0 | X78: =IFERROR(VLOOKUP($E78,Adaptive!$A:$J,MATCH(X$8,Adaptive!$4:$4,0),FALSE),0) -> 0 | Y78: =F78*700 -> 1812.3744 | Z78: =_xlfn.XLOOKUP(B78,[1]Xref!$H:$H,[1]Xref!$A:$A) -> AU4782K | AA78: =SUM(M78:P78) -> 0 | AB78: =ROUNDUP(AA78/Y78,0) -> 0 | AC78: =AB78-SUMPRODUCT(AE78:AL78,$AE$6:$AL$6) -> 0 | AM78: =SUMPRODUCT(AE78:AL78,$AE$6:$AL$6)*700 -> 0 | AN78: =AC78*700 -> 0
A79: 50 | B79: 245347 | C79: MESA/KZ22A/GRAY/63 | D79: FF MESA-39307-63 | E79: FF MESA-39307-126 | F79: 2.5904762 | G79: 10617 | H79: 14160 | I79: 12431 | J79: 14522 | K79: 0 | L79: 0 | M79: 0 | N79: 2176 | O79: 0 | P79: 0 | Q79: =IFERROR(VLOOKUP($E79,Adaptive!$A:$J,MATCH(Q$8,Adaptive!$4:$4,0),FALSE),0) -> 4050 | R79: =IFERROR(VLOOKUP($E79,Adaptive!$A:$J,MATCH(R$8,Adaptive!$4:$4,0),FALSE),0) -> 10110 | S79: =IFERROR(VLOOKUP($E79,Adaptive!$A:$J,MATCH(S$8,Adaptive!$4:$4,0),FALSE),0) -> 0 | T79: =IFERROR(VLOOKUP($E79,Adaptive!$A:$J,MATCH(T$8,Adaptive!$4:$4,0),FALSE),0) -> 0 | U79: =IFERROR(VLOOKUP($E79,Adaptive!$A:$J,MATCH(U$8,Adaptive!$4:$4,0),FALSE),0) -> 14160 | V79: =IFERROR(VLOOKUP($E79,Adaptive!$A:$J,MATCH(V$8,Adaptive!$4:$4,0),FALSE),0) -> 0 | W79: =IFERROR(VLOOKUP($E79,Adaptive!$A:$J,MATCH(W$8,Adaptive!$4:$4,0),FALSE),0) -> 0 | X79: =IFERROR(VLOOKUP($E79,Adaptive!$A:$J,MATCH(X$8,Adaptive!$4:$4,0),FALSE),0) -> 0 | Y79: =F79*700 -> 1813.3333 | Z79: =_xlfn.XLOOKUP(B79,[1]Xref!$H:$H,[1]Xref!$A:$A) -> AU3426 Wide | AA79: =SUM(M79:P79) -> 2176 | AB79: =ROUNDUP(AA79/Y79,0) -> 2 | AC79: =AB79-SUMPRODUCT(AE79:AL79,$AE$6:$AL$6) -> 2 | AM79: =SUMPRODUCT(AE79:AL79,$AE$6:$AL$6)*700 -> 0 | AN79: =AC79*700 -> 1400
A80: 50 | B80: 245387 | C80: TAFFETA/737D/FAWN/67 | D80: FF TAFFETAHP-41026-67 | E80: FF TAFFETAHP-41026-134 | F80: 2.0298507462686564 | H80: 1950 | I80: 853 | J80: 0 | K80: 742 | L80: 0 | M80: 0 | N80: 0 | O80: 0 | P80: 0 | Q80: =IFERROR(VLOOKUP($E80,Adaptive!$A:$J,MATCH(Q$8,Adaptive!$4:$4,0),FALSE),0) -> 1950 | R80: =IFERROR(VLOOKUP($E80,Adaptive!$A:$J,MATCH(R$8,Adaptive!$4:$4,0),FALSE),0) -> 0 | S80: =IFERROR(VLOOKUP($E80,Adaptive!$A:$J,MATCH(S$8,Adaptive!$4:$4,0),FALSE),0) -> 0 | T80: =IFERROR(VLOOKUP($E80,Adaptive!$A:$J,MATCH(T$8,Adaptive!$4:$4,0),FALSE),0) -> 0 | U80: =IFERROR(VLOOKUP($E80,Adaptive!$A:$J,MATCH(U$8,Adaptive!$4:$4,0),FALSE),0) -> 1950 | V80: =IFERROR(VLOOKUP($E80,Adaptive!$A:$J,MATCH(V$8,Adaptive!$4:$4,0),FALSE),0) -> 0 | W80: =IFERROR(VLOOKUP($E80,Adaptive!$A:$J,MATCH(W$8,Adaptive!$4:$4,0),FALSE),0) -> 0 | X80: =IFERROR(VLOOKUP($E80,Adaptive!$A:$J,MATCH(X$8,Adaptive!$4:$4,0),FALSE),0) -> 0 | Y80: =F80*700 -> 1420.8955 | Z80: =_xlfn.XLOOKUP(B80,[1]Xref!$H:$H,[1]Xref!$A:$A) -> AU4583 | AA80: =SUM(M80:P80) -> 0 | AB80: =ROUNDUP(AA80/Y80,0) -> 0 | AC80: =AB80-SUMPRODUCT(AE80:AL80,$AE$6:$AL$6) -> 0 | AM80: =SUMPRODUCT(AE80:AL80,$AE$6:$AL$6)*700 -> 0 | AN80: =AC80*700 -> 0
A81: 50 | B81: 245392 | C81: MESA/KGR0/BLACK/63 | D81: FF MESA-40241-63 | E81: FF MESA-40241-126 | F81: 2.5904762 | G81: 3750 | H81: 2100 | I81: 3484 | J81: 2120 | K81: 0 | L81: 0 | M81: 0 | N81: 0 | O81: 0 | P81: 0 | Q81: =IFERROR(VLOOKUP($E81,Adaptive!$A:$J,MATCH(Q$8,Adaptive!$4:$4,0),FALSE),0) -> 0 | R81: =IFERROR(VLOOKUP($E81,Adaptive!$A:$J,MATCH(R$8,Adaptive!$4:$4,0),FALSE),0) -> 2100 | S81: =IFERROR(VLOOKUP($E81,Adaptive!$A:$J,MATCH(S$8,Adaptive!$4:$4,0),FALSE),0) -> 0 | T81: =IFERROR(VLOOKUP($E81,Adaptive!$A:$J,MATCH(T$8,Adaptive!$4:$4,0),FALSE),0) -> 0 | U81: =IFERROR(VLOOKUP($E81,Adaptive!$A:$J,MATCH(U$8,Adaptive!$4:$4,0),FALSE),0) -> 2100 | V81: =IFERROR(VLOOKUP($E81,Adaptive!$A:$J,MATCH(V$8,Adaptive!$4:$4,0),FALSE),0) -> 0 | W81: =IFERROR(VLOOKUP($E81,Adaptive!$A:$J,MATCH(W$8,Adaptive!$4:$4,0),FALSE),0) -> 0 | X81: =IFERROR(VLOOKUP($E81,Adaptive!$A:$J,MATCH(X$8,Adaptive!$4:$4,0),FALSE),0) -> 0 | Y81: =F81*700 -> 1813.3333 | Z81: =_xlfn.XLOOKUP(B81,[1]Xref!$H:$H,[1]Xref!$A:$A) -> AU3426 Wide | AA81: =SUM(M81:P81) -> 0 | AB81: =ROUNDUP(AA81/Y81,0) -> 0 | AC81: =AB81-SUMPRODUCT(AE81:AL81,$AE$6:$AL$6) -> 0 | AM81: =SUMPRODUCT(AE81:AL81,$AE$6:$AL$6)*700 -> 0 | AN81: =AC81*700 -> 0
A82: 50 | B82: 245453 | C82: MOLTOP/H2L5/BL/200/67 | D82: FF MOLTOP-NA-41254-67 | E82: FF MOLTOP-NA-41254-134 | F82: 1.5547793 | G82: 2364 | I82: 2211 | J82: 0 | K82: 0 | L82: 0 | M82: 0 | N82: 0 | O82: 0 | P82: 0 | Q82: =IFERROR(VLOOKUP($E82,Adaptive!$A:$J,MATCH(Q$8,Adaptive!$4:$4,0),FALSE),0) -> 0 | R82: =IFERROR(VLOOKUP($E82,Adaptive!$A:$J,MATCH(R$8,Adaptive!$4:$4,0),FALSE),0) -> 0 | S82: =IFERROR(VLOOKUP($E82,Adaptive!$A:$J,MATCH(S$8,Adaptive!$4:$4,0),FALSE),0) -> 0 | T82: =IFERROR(VLOOKUP($E82,Adaptive!$A:$J,MATCH(T$8,Adaptive!$4:$4,0),FALSE),0) -> 0 | U82: =IFERROR(VLOOKUP($E82,Adaptive!$A:$J,MATCH(U$8,Adaptive!$4:$4,0),FALSE),0) -> 0 | V82: =IFERROR(VLOOKUP($E82,Adaptive!$A:$J,MATCH(V$8,Adaptive!$4:$4,0),FALSE),0) -> 0 | W82: =IFERROR(VLOOKUP($E82,Adaptive!$A:$J,MATCH(W$8,Adaptive!$4:$4,0),FALSE),0) -> 0 | X82: =IFERROR(VLOOKUP($E82,Adaptive!$A:$J,MATCH(X$8,Adaptive!$4:$4,0),FALSE),0) -> 0 | Y82: =F82*700 -> 1088.3455 | Z82: =_xlfn.XLOOKUP(B82,[1]Xref!$H:$H,[1]Xref!$A:$A) -> AU7389H | AA82: =SUM(M82:P82) -> 0 | AB82: =ROUNDUP(AA82/Y82,0) -> 0 | AC82: =AB82-SUMPRODUCT(AE82:AL82,$AE$6:$AL$6) -> 0 | AM82: =SUMPRODUCT(AE82:AL82,$AE$6:$AL$6)*700 -> 0 | AN82: =AC82*700 -> 0
A83: 50 | B83: 245763 | C83: MOLTO/105B/GRAY/64 | D83: FF MOLTO-NA-41255-64 | E83: FF MOLTO-NA-41255-128 | F83: 1.627659574468085 | G83: 16784 | I83: 5251 | J83: 11554 | K83: 0 | L83: 0 | M83: 0 | N83: 0 | O83: 0 | P83: 0 | Q83: =IFERROR(VLOOKUP($E83,Adaptive!$A:$J,MATCH(Q$8,Adaptive!$4:$4,0),FALSE),0) -> 0 | R83: =IFERROR(VLOOKUP($E83,Adaptive!$A:$J,MATCH(R$8,Adaptive!$4:$4,0),FALSE),0) -> 0 | S83: =IFERROR(VLOOKUP($E83,Adaptive!$A:$J,MATCH(S$8,Adaptive!$4:$4,0),FALSE),0) -> 0 | T83: =IFERROR(VLOOKUP($E83,Adaptive!$A:$J,MATCH(T$8,Adaptive!$4:$4,0),FALSE),0) -> 0 | U83: =IFERROR(VLOOKUP($E83,Adaptive!$A:$J,MATCH(U$8,Adaptive!$4:$4,0),FALSE),0) -> 0 | V83: =IFERROR(VLOOKUP($E83,Adaptive!$A:$J,MATCH(V$8,Adaptive!$4:$4,0),FALSE),0) -> 0 | W83: =IFERROR(VLOOKUP($E83,Adaptive!$A:$J,MATCH(W$8,Adaptive!$4:$4,0),FALSE),0) -> 0 | X83: =IFERROR(VLOOKUP($E83,Adaptive!$A:$J,MATCH(X$8,Adaptive!$4:$4,0),FALSE),0) -> 0 | Y83: =F83*700 -> 1139.3617 | Z83: =_xlfn.XLOOKUP(B83,[1]Xref!$H:$H,[1]Xref!$A:$A) -> AU7389G | AA83: =SUM(M83:P83) -> 0 | AB83: =ROUNDUP(AA83/Y83,0) -> 0 | AC83: =AB83-SUMPRODUCT(AE83:AL83,$AE$6:$AL$6) -> 0 | AM83: =SUMPRODUCT(AE83:AL83,$AE$6:$AL$6)*700 -> 0 | AN83: =AC83*700 -> 0
A84: 50 | B84: 245898 | C84: LYRICHELHS/ZHE/EBNY/63 | D84: FF LYRICHELHS-39651-63 | E84: FF LYRICHELHS-39651-126 | F84: 2.5069124423963136 | G84: 9131 | I84: 1180 | J84: 0 | K84: 0 | L84: 3180 | M84: 0 | N84: 0 | O84: 0 | P84: 0 | Q84: =IFERROR(VLOOKUP($E84,Adaptive!$A:$J,MATCH(Q$8,Adaptive!$4:$4,0),FALSE),0) -> 0 | R84: =IFERROR(VLOOKUP($E84,Adaptive!$A:$J,MATCH(R$8,Adaptive!$4:$4,0),FALSE),0) -> 0 | S84: =IFERROR(VLOOKUP($E84,Adaptive!$A:$J,MATCH(S$8,Adaptive!$4:$4,0),FALSE),0) -> 0 | T84: =IFERROR(VLOOKUP($E84,Adaptive!$A:$J,MATCH(T$8,Adaptive!$4:$4,0),FALSE),0) -> 0 | U84: =IFERROR(VLOOKUP($E84,Adaptive!$A:$J,MATCH(U$8,Adaptive!$4:$4,0),FALSE),0) -> 0 | V84: =IFERROR(VLOOKUP($E84,Adaptive!$A:$J,MATCH(V$8,Adaptive!$4:$4,0),FALSE),0) -> 0 | W84: =IFERROR(VLOOKUP($E84,Adaptive!$A:$J,MATCH(W$8,Adaptive!$4:$4,0),FALSE),0) -> 0 | X84: =IFERROR(VLOOKUP($E84,Adaptive!$A:$J,MATCH(X$8,Adaptive!$4:$4,0),FALSE),0) -> 0 | Y84: =F84*700 -> 1754.8387 | Z84: =_xlfn.XLOOKUP(B84,[1]Xref!$H:$H,[1]Xref!$A:$A) -> AU4782K | AA84: =SUM(M84:P84) -> 0 | AB84: =ROUNDUP(AA84/Y84,0) -> 0 | AC84: =AB84-SUMPRODUCT(AE84:AL84,$AE$6:$AL$6) -> 0 | AM84: =SUMPRODUCT(AE84:AL84,$AE$6:$AL$6)*700 -> 0 | AN84: =AC84*700 -> 0
A85: 12 | B85: 245904 | C85: ARCTIC/BACKENBLK/62 | D85: FF ARCTIC -41079-62 | E85: FF ARCTIC -41079-124 | F85: 2.9247311827956985 | I85: 10355 | M85: 10355 | Q85: =IFERROR(VLOOKUP($E85,Adaptive!$A:$J,MATCH(Q$8,Adaptive!$4:$4,0),FALSE),0) -> 0 | R85: =IFERROR(VLOOKUP($E85,Adaptive!$A:$J,MATCH(R$8,Adaptive!$4:$4,0),FALSE),0) -> 0 | S85: =IFERROR(VLOOKUP($E85,Adaptive!$A:$J,MATCH(S$8,Adaptive!$4:$4,0),FALSE),0) -> 0 | T85: =IFERROR(VLOOKUP($E85,Adaptive!$A:$J,MATCH(T$8,Adaptive!$4:$4,0),FALSE),0) -> 0 | U85: =IFERROR(VLOOKUP($E85,Adaptive!$A:$J,MATCH(U$8,Adaptive!$4:$4,0),FALSE),0) -> 0 | V85: =IFERROR(VLOOKUP($E85,Adaptive!$A:$J,MATCH(V$8,Adaptive!$4:$4,0),FALSE),0) -> 0 | W85: =IFERROR(VLOOKUP($E85,Adaptive!$A:$J,MATCH(W$8,Adaptive!$4:$4,0),FALSE),0) -> 0 | X85: =IFERROR(VLOOKUP($E85,Adaptive!$A:$J,MATCH(X$8,Adaptive!$4:$4,0),FALSE),0) -> 0 | Y85: =F85*700 -> 2047.3118 | Z85: =_xlfn.XLOOKUP(B85,[1]Xref!$H:$H,[1]Xref!$A:$A) -> AU5429D | AA85: =SUM(M85:P85) -> 10355 | AB85: =ROUNDUP(AA85/Y85,0) -> 6 | AC85: =AB85-SUMPRODUCT(AE85:AL85,$AE$6:$AL$6) -> 2 | AL85: 1 | AM85: =SUMPRODUCT(AE85:AL85,$AE$6:$AL$6)*700 -> 2800 | AN85: =AC85*700 -> 1400
A86: 50 | B86: 246030 | C86: MOLTO/J1VZ/LTGRAY/59 | D86: FF MOLTO-NA-40382-59 | E86: FF MOLTO-NA-40382-118 | F86: 1.7655968265416515 | G86: 10276 | I86: 2286 | J86: 7420 | K86: 0 | L86: 0 | M86: 0 | N86: 0 | O86: 0 | P86: 0 | Q86: =IFERROR(VLOOKUP($E86,Adaptive!$A:$J,MATCH(Q$8,Adaptive!$4:$4,0),FALSE),0) -> 0 | R86: =IFERROR(VLOOKUP($E86,Adaptive!$A:$J,MATCH(R$8,Adaptive!$4:$4,0),FALSE),0) -> 0 | S86: =IFERROR(VLOOKUP($E86,Adaptive!$A:$J,MATCH(S$8,Adaptive!$4:$4,0),FALSE),0) -> 0 | T86: =IFERROR(VLOOKUP($E86,Adaptive!$A:$J,MATCH(T$8,Adaptive!$4:$4,0),FALSE),0) -> 0 | U86: =IFERROR(VLOOKUP($E86,Adaptive!$A:$J,MATCH(U$8,Adaptive!$4:$4,0),FALSE),0) -> 0 | V86: =IFERROR(VLOOKUP($E86,Adaptive!$A:$J,MATCH(V$8,Adaptive!$4:$4,0),FALSE),0) -> 0 | W86: =IFERROR(VLOOKUP($E86,Adaptive!$A:$J,MATCH(W$8,Adaptive!$4:$4,0),FALSE),0) -> 0 | X86: =IFERROR(VLOOKUP($E86,Adaptive!$A:$J,MATCH(X$8,Adaptive!$4:$4,0),FALSE),0) -> 0 | Y86: =F86*700 -> 1235.9178 | Z86: =_xlfn.XLOOKUP(B86,[1]Xref!$H:$H,[1]Xref!$A:$A) -> AU7389G | AA86: =SUM(M86:P86) -> 0 | AB86: =ROUNDUP(AA86/Y86,0) -> 0 | AC86: =AB86-SUMPRODUCT(AE86:AL86,$AE$6:$AL$6) -> 0 | AM86: =SUMPRODUCT(AE86:AL86,$AE$6:$AL$6)*700 -> 0 | AN86: =AC86*700 -> 0
A87: 50 | B87: 246106A | C87: MOLTOX/J002/FROMAGE/62 | D87: FF MOLTOX-NA-40406-62 | E87: FF MOLTOX-NA-40406-124 | F87: 1.6801647220315716 | G87: 805 | I87: 0 | J87: 0 | K87: 0 | L87: 1490 | M87: 0 | N87: 0 | O87: 0 | P87: 685 | Q87: =IFERROR(VLOOKUP($E87,Adaptive!$A:$J,MATCH(Q$8,Adaptive!$4:$4,0),FALSE),0) -> 0 | R87: =IFERROR(VLOOKUP($E87,Adaptive!$A:$J,MATCH(R$8,Adaptive!$4:$4,0),FALSE),0) -> 0 | S87: =IFERROR(VLOOKUP($E87,Adaptive!$A:$J,MATCH(S$8,Adaptive!$4:$4,0),FALSE),0) -> 0 | T87: =IFERROR(VLOOKUP($E87,Adaptive!$A:$J,MATCH(T$8,Adaptive!$4:$4,0),FALSE),0) -> 0 | U87: =IFERROR(VLOOKUP($E87,Adaptive!$A:$J,MATCH(U$8,Adaptive!$4:$4,0),FALSE),0) -> 0 | V87: =IFERROR(VLOOKUP($E87,Adaptive!$A:$J,MATCH(V$8,Adaptive!$4:$4,0),FALSE),0) -> 0 | W87: =IFERROR(VLOOKUP($E87,Adaptive!$A:$J,MATCH(W$8,Adaptive!$4:$4,0),FALSE),0) -> 0 | X87: =IFERROR(VLOOKUP($E87,Adaptive!$A:$J,MATCH(X$8,Adaptive!$4:$4,0),FALSE),0) -> 0 | Y87: =F87*700 -> 1176.1153 | Z87: =_xlfn.XLOOKUP(B87,[1]Xref!$H:$H,[1]Xref!$A:$A) -> AU7389H | AA87: =SUM(M87:P87) -> 685 | AB87: =ROUNDUP(AA87/Y87,0) -> 1 | AC87: =AB87-SUMPRODUCT(AE87:AL87,$AE$6:$AL$6) -> 1 | AM87: =SUMPRODUCT(AE87:AL87,$AE$6:$AL$6)*700 -> 0 | AN87: =AC87*700 -> 700
A88: 50 | B88: 246227 | C88: MOLTOSS/105B/LTGRAY/72 | D88: FF MOLTOSS-NA-40572-72 | E88: FF MOLTOSS-NA-40572-144 | F88: 1.4468085106382977 | I88: 696 | J88: 530 | K88: 0 | L88: 530 | M88: 696 | N88: 530 | O88: 0 | P88: 530 | Q88: =IFERROR(VLOOKUP($E88,Adaptive!$A:$J,MATCH(Q$8,Adaptive!$4:$4,0),FALSE),0) -> 0 | R88: =IFERROR(VLOOKUP($E88,Adaptive!$A:$J,MATCH(R$8,Adaptive!$4:$4,0),FALSE),0) -> 0 | S88: =IFERROR(VLOOKUP($E88,Adaptive!$A:$J,MATCH(S$8,Adaptive!$4:$4,0),FALSE),0) -> 0 | T88: =IFERROR(VLOOKUP($E88,Adaptive!$A:$J,MATCH(T$8,Adaptive!$4:$4,0),FALSE),0) -> 0 | U88: =IFERROR(VLOOKUP($E88,Adaptive!$A:$J,MATCH(U$8,Adaptive!$4:$4,0),FALSE),0) -> 0 | V88: =IFERROR(VLOOKUP($E88,Adaptive!$A:$J,MATCH(V$8,Adaptive!$4:$4,0),FALSE),0) -> 0 | W88: =IFERROR(VLOOKUP($E88,Adaptive!$A:$J,MATCH(W$8,Adaptive!$4:$4,0),FALSE),0) -> 0 | X88: =IFERROR(VLOOKUP($E88,Adaptive!$A:$J,MATCH(X$8,Adaptive!$4:$4,0),FALSE),0) -> 0 | Y88: =F88*700 -> 1012.766 | Z88: =_xlfn.XLOOKUP(B88,[1]Xref!$H:$H,[1]Xref!$A:$A) -> AU7538B | AA88: =SUM(M88:P88) -> 1756 | AB88: =ROUNDUP(AA88/Y88,0) -> 2 | AC88: =AB88-SUMPRODUCT(AE88:AL88,$AE$6:$AL$6) -> 2 | AM88: =SUMPRODUCT(AE88:AL88,$AE$6:$AL$6)*700 -> 0 | AN88: =AC88*700 -> 1400
A89: 50 | B89: 246229 | C89: MOLTOSS/468B/HAZEL/73 | D89: FF MOLTOSS-NA-41064-73 | E89: FF MOLTOSS-NA-41064-146 | F89: 1.4269892159720199 | I89: 318 | J89: 424 | K89: 0 | L89: 0 | M89: 318 | N89: 424 | O89: 0 | P89: 0 | Q89: =IFERROR(VLOOKUP($E89,Adaptive!$A:$J,MATCH(Q$8,Adaptive!$4:$4,0),FALSE),0) -> 0 | R89: =IFERROR(VLOOKUP($E89,Adaptive!$A:$J,MATCH(R$8,Adaptive!$4:$4,0),FALSE),0) -> 0 | S89: =IFERROR(VLOOKUP($E89,Adaptive!$A:$J,MATCH(S$8,Adaptive!$4:$4,0),FALSE),0) -> 0 | T89: =IFERROR(VLOOKUP($E89,Adaptive!$A:$J,MATCH(T$8,Adaptive!$4:$4,0),FALSE),0) -> 0 | U89: =IFERROR(VLOOKUP($E89,Adaptive!$A:$J,MATCH(U$8,Adaptive!$4:$4,0),FALSE),0) -> 0 | V89: =IFERROR(VLOOKUP($E89,Adaptive!$A:$J,MATCH(V$8,Adaptive!$4:$4,0),FALSE),0) -> 0 | W89: =IFERROR(VLOOKUP($E89,Adaptive!$A:$J,MATCH(W$8,Adaptive!$4:$4,0),FALSE),0) -> 0 | X89: =IFERROR(VLOOKUP($E89,Adaptive!$A:$J,MATCH(X$8,Adaptive!$4:$4,0),FALSE),0) -> 0 | Y89: =F89*700 -> 998.89245 | Z89: =_xlfn.XLOOKUP(B89,[1]Xref!$H:$H,[1]Xref!$A:$A) -> AU7538B | AA89: =SUM(M89:P89) -> 742 | AB89: =ROUNDUP(AA89/Y89,0) -> 1 | AC89: =AB89-SUMPRODUCT(AE89:AL89,$AE$6:$AL$6) -> 1 | AM89: =SUMPRODUCT(AE89:AL89,$AE$6:$AL$6)*700 -> 0 | AN89: =AC89*700 -> 700
A90: 50 | B90: 246230 | C90: MOLTOSS/NC/105B/LGR/51 | D90: FF MOLTOSS-NA-40572-51 | E90: FF MOLTOSS-NA-40572-153 | F90: 2.0425531914893615 | G90: 825 | I90: 5008 | J90: 5618 | K90: 6956 | L90: 0 | M90: 4183 | N90: 5618 | O90: 6956 | P90: 0 | Q90: =IFERROR(VLOOKUP($E90,Adaptive!$A:$J,MATCH(Q$8,Adaptive!$4:$4,0),FALSE),0) -> 0 | R90: =IFERROR(VLOOKUP($E90,Adaptive!$A:$J,MATCH(R$8,Adaptive!$4:$4,0),FALSE),0) -> 0 | S90: =IFERROR(VLOOKUP($E90,Adaptive!$A:$J,MATCH(S$8,Adaptive!$4:$4,0),FALSE),0) -> 0 | T90: =IFERROR(VLOOKUP($E90,Adaptive!$A:$J,MATCH(T$8,Adaptive!$4:$4,0),FALSE),0) -> 0 | U90: =IFERROR(VLOOKUP($E90,Adaptive!$A:$J,MATCH(U$8,Adaptive!$4:$4,0),FALSE),0) -> 0 | V90: =IFERROR(VLOOKUP($E90,Adaptive!$A:$J,MATCH(V$8,Adaptive!$4:$4,0),FALSE),0) -> 0 | W90: =IFERROR(VLOOKUP($E90,Adaptive!$A:$J,MATCH(W$8,Adaptive!$4:$4,0),FALSE),0) -> 0 | X90: =IFERROR(VLOOKUP($E90,Adaptive!$A:$J,MATCH(X$8,Adaptive!$4:$4,0),FALSE),0) -> 0 | Y90: =F90*700 -> 1429.7872 | Z90: =_xlfn.XLOOKUP(B90,[1]Xref!$H:$H,[1]Xref!$A:$A) -> AU7538B | AA90: =SUM(M90:P90) -> 16757 | AB90: =ROUNDUP(AA90/Y90,0) -> 12 | AC90: =AB90-SUMPRODUCT(AE90:AL90,$AE$6:$AL$6) -> 10 | AH90: 1 | AM90: =SUMPRODUCT(AE90:AL90,$AE$6:$AL$6)*700 -> 1400 | AN90: =AC90*700 -> 7000
A91: 12 | B91: 246262 | C91: MESA/KGR0/40241/55 | D91: FF MESA -40241-55 | E91: FF MESA -40241-110 | F91: 2.9672727272727273 | I91: 1159 | M91: 1159 | Q91: =IFERROR(VLOOKUP($E91,Adaptive!$A:$J,MATCH(Q$8,Adaptive!$4:$4,0),FALSE),0) -> 0 | R91: =IFERROR(VLOOKUP($E91,Adaptive!$A:$J,MATCH(R$8,Adaptive!$4:$4,0),FALSE),0) -> 0 | S91: =IFERROR(VLOOKUP($E91,Adaptive!$A:$J,MATCH(S$8,Adaptive!$4:$4,0),FALSE),0) -> 0 | T91: =IFERROR(VLOOKUP($E91,Adaptive!$A:$J,MATCH(T$8,Adaptive!$4:$4,0),FALSE),0) -> 0 | U91: =IFERROR(VLOOKUP($E91,Adaptive!$A:$J,MATCH(U$8,Adaptive!$4:$4,0),FALSE),0) -> 0 | V91: =IFERROR(VLOOKUP($E91,Adaptive!$A:$J,MATCH(V$8,Adaptive!$4:$4,0),FALSE),0) -> 0 | W91: =IFERROR(VLOOKUP($E91,Adaptive!$A:$J,MATCH(W$8,Adaptive!$4:$4,0),FALSE),0) -> 0 | X91: =IFERROR(VLOOKUP($E91,Adaptive!$A:$J,MATCH(X$8,Adaptive!$4:$4,0),FALSE),0) -> 0 | Y91: =F91*700 -> 2077.0909 | Z91: =_xlfn.XLOOKUP(B91,[1]Xref!$H:$H,[1]Xref!$A:$A) -> AU3426 | AA91: =SUM(M91:P91) -> 1159 | AB91: =ROUNDUP(AA91/Y91,0) -> 1 | AC91: =AB91-SUMPRODUCT(AE91:AL91,$AE$6:$AL$6) -> 1 | AM91: =SUMPRODUCT(AE91:AL91,$AE$6:$AL$6)*700 -> 0 | AN91: =AC91*700 -> 700
A92: 12 | B92: 246264 | C92: ARCTIC/9869/VLAGRAY/62 | D92: FF ARCTIC -40599-62 | E92: FF ARCTIC -40599-124 | F92: 2.9247312 | I92: 949 | M92: 949 | Q92: =IFERROR(VLOOKUP($E92,Adaptive!$A:$J,MATCH(Q$8,Adaptive!$4:$4,0),FALSE),0) -> 0 | R92: =IFERROR(VLOOKUP($E92,Adaptive!$A:$J,MATCH(R$8,Adaptive!$4:$4,0),FALSE),0) -> 0 | S92: =IFERROR(VLOOKUP($E92,Adaptive!$A:$J,MATCH(S$8,Adaptive!$4:$4,0),FALSE),0) -> 0 | T92: =IFERROR(VLOOKUP($E92,Adaptive!$A:$J,MATCH(T$8,Adaptive!$4:$4,0),FALSE),0) -> 0 | U92: =IFERROR(VLOOKUP($E92,Adaptive!$A:$J,MATCH(U$8,Adaptive!$4:$4,0),FALSE),0) -> 0 | V92: =IFERROR(VLOOKUP($E92,Adaptive!$A:$J,MATCH(V$8,Adaptive!$4:$4,0),FALSE),0) -> 0 | W92: =IFERROR(VLOOKUP($E92,Adaptive!$A:$J,MATCH(W$8,Adaptive!$4:$4,0),FALSE),0) -> 0 | X92: =IFERROR(VLOOKUP($E92,Adaptive!$A:$J,MATCH(X$8,Adaptive!$4:$4,0),FALSE),0) -> 0 | Y92: =F92*700 -> 2047.3118 | Z92: =_xlfn.XLOOKUP(B92,[1]Xref!$H:$H,[1]Xref!$A:$A) -> AU5429D | AA92: =SUM(M92:P92) -> 949 | AB92: =ROUNDUP(AA92/Y92,0) -> 1 | AC92: =AB92-SUMPRODUCT(AE92:AL92,$AE$6:$AL$6) -> 1 | AM92: =SUMPRODUCT(AE92:AL92,$AE$6:$AL$6)*700 -> 0 | AN92: =AC92*700 -> 700
A93: 12 | B93: 246293 | C93: MOLTO/NA/J1VZ/57 | D93: FF MOLTOV-NA-41203-57 | E93: FF MOLTOV-NA-41203-114 | F93: 1.8275475923852182 | G93: 572 | I93: 1241 | M93: 669 | Q93: =IFERROR(VLOOKUP($E93,Adaptive!$A:$J,MATCH(Q$8,Adaptive!$4:$4,0),FALSE),0) -> 0 | R93: =IFERROR(VLOOKUP($E93,Adaptive!$A:$J,MATCH(R$8,Adaptive!$4:$4,0),FALSE),0) -> 0 | S93: =IFERROR(VLOOKUP($E93,Adaptive!$A:$J,MATCH(S$8,Adaptive!$4:$4,0),FALSE),0) -> 0 | T93: =IFERROR(VLOOKUP($E93,Adaptive!$A:$J,MATCH(T$8,Adaptive!$4:$4,0),FALSE),0) -> 0 | U93: =IFERROR(VLOOKUP($E93,Adaptive!$A:$J,MATCH(U$8,Adaptive!$4:$4,0),FALSE),0) -> 0 | V93: =IFERROR(VLOOKUP($E93,Adaptive!$A:$J,MATCH(V$8,Adaptive!$4:$4,0),FALSE),0) -> 0 | W93: =IFERROR(VLOOKUP($E93,Adaptive!$A:$J,MATCH(W$8,Adaptive!$4:$4,0),FALSE),0) -> 0 | X93: =IFERROR(VLOOKUP($E93,Adaptive!$A:$J,MATCH(X$8,Adaptive!$4:$4,0),FALSE),0) -> 0 | Y93: =F93*700 -> 1279.2833 | Z93: =_xlfn.XLOOKUP(B93,[1]Xref!$H:$H,[1]Xref!$A:$A) -> AU7389G | AA93: =SUM(M93:P93) -> 669 | AB93: =ROUNDUP(AA93/Y93,0) -> 1 | AC93: =AB93-SUMPRODUCT(AE93:AL93,$AE$6:$AL$6) -> 1 | AM93: =SUMPRODUCT(AE93:AL93,$AE$6:$AL$6)*700 -> 0 | AN93: =AC93*700 -> 700
A94: 12 | B94: 246294 | C94: MOLTO/H2G6/BLACK57 | D94: FF MOLTOV-NA-41204-57 | E94: FF MOLTOV-NA-41204-114 | F94: 1.8275475923852182 | G94: 6155 | I94: 4652 | M94: 0 | N94: 0 | O94: 0 | P94: 0 | Q94: =IFERROR(VLOOKUP($E94,Adaptive!$A:$J,MATCH(Q$8,Adaptive!$4:$4,0),FALSE),0) -> 0 | R94: =IFERROR(VLOOKUP($E94,Adaptive!$A:$J,MATCH(R$8,Adaptive!$4:$4,0),FALSE),0) -> 0 | S94: =IFERROR(VLOOKUP($E94,Adaptive!$A:$J,MATCH(S$8,Adaptive!$4:$4,0),FALSE),0) -> 0 | T94: =IFERROR(VLOOKUP($E94,Adaptive!$A:$J,MATCH(T$8,Adaptive!$4:$4,0),FALSE),0) -> 0 | U94: =IFERROR(VLOOKUP($E94,Adaptive!$A:$J,MATCH(U$8,Adaptive!$4:$4,0),FALSE),0) -> 0 | V94: =IFERROR(VLOOKUP($E94,Adaptive!$A:$J,MATCH(V$8,Adaptive!$4:$4,0),FALSE),0) -> 0 | W94: =IFERROR(VLOOKUP($E94,Adaptive!$A:$J,MATCH(W$8,Adaptive!$4:$4,0),FALSE),0) -> 0 | X94: =IFERROR(VLOOKUP($E94,Adaptive!$A:$J,MATCH(X$8,Adaptive!$4:$4,0),FALSE),0) -> 0 | Y94: =F94*700 -> 1279.2833 | Z94: =_xlfn.XLOOKUP(B94,[1]Xref!$H:$H,[1]Xref!$A:$A) -> AU7389G | AA94: =SUM(M94:P94) -> 0 | AB94: =ROUNDUP(AA94/Y94,0) -> 0 | AC94: =AB94-SUMPRODUCT(AE94:AL94,$AE$6:$AL$6) -> 0 | AM94: =SUMPRODUCT(AE94:AL94,$AE$6:$AL$6)*700 -> 0 | AN94: =AC94*700 -> 0
A95: 1250 | B95: 246416 | C95: TR570B/NH882L/PGRAY/66 | D95: FF TR570B-39789-66 | E95: FF TR570B-39789-132 | F95: 1.8545454545454547 | G95: 1931 | I95: 16866 | J95: 7651 | K95: 0 | L95: 12720 | M95: 14935 | N95: 7651 | O95: 0 | P95: 12720 | Q95: =IFERROR(VLOOKUP($E95,Adaptive!$A:$J,MATCH(Q$8,Adaptive!$4:$4,0),FALSE),0) -> 0 | R95: =IFERROR(VLOOKUP($E95,Adaptive!$A:$J,MATCH(R$8,Adaptive!$4:$4,0),FALSE),0) -> 0 | S95: =IFERROR(VLOOKUP($E95,Adaptive!$A:$J,MATCH(S$8,Adaptive!$4:$4,0),FALSE),0) -> 0 | T95: =IFERROR(VLOOKUP($E95,Adaptive!$A:$J,MATCH(T$8,Adaptive!$4:$4,0),FALSE),0) -> 0 | U95: =IFERROR(VLOOKUP($E95,Adaptive!$A:$J,MATCH(U$8,Adaptive!$4:$4,0),FALSE),0) -> 0 | V95: =IFERROR(VLOOKUP($E95,Adaptive!$A:$J,MATCH(V$8,Adaptive!$4:$4,0),FALSE),0) -> 0 | W95: =IFERROR(VLOOKUP($E95,Adaptive!$A:$J,MATCH(W$8,Adaptive!$4:$4,0),FALSE),0) -> 0 | X95: =IFERROR(VLOOKUP($E95,Adaptive!$A:$J,MATCH(X$8,Adaptive!$4:$4,0),FALSE),0) -> 0 | Y95: =F95*700 -> 1298.1818 | Z95: =_xlfn.XLOOKUP(B95,[1]Xref!$H:$H,[1]Xref!$A:$A) -> AU4398 | AA95: =SUM(M95:P95) -> 35306 | AB95: =ROUNDUP(AA95/Y95,0) -> 28 | AC95: =AB95-SUMPRODUCT(AE95:AL95,$AE$6:$AL$6) -> 20 | AK95: 2 | AM95: =SUMPRODUCT(AE95:AL95,$AE$6:$AL$6)*700 -> 5600 | AN95: =AC95*700 -> 14000
A96: 50 | B96: 246884 | C96: MOLTOP/J1VZ/LTGRAY/67 | D96: FF MOLTOP-NA-40667-67 | E96: FF MOLTOP-NA-40667-134 | F96: 1.6347791 | G96: 605 | I96: 0 | J96: 0 | K96: 85 | L96: 0 | M96: 0 | N96: 0 | O96: 0 | P96: 0 | Q96: =IFERROR(VLOOKUP($E96,Adaptive!$A:$J,MATCH(Q$8,Adaptive!$4:$4,0),FALSE),0) -> 0 | R96: =IFERROR(VLOOKUP($E96,Adaptive!$A:$J,MATCH(R$8,Adaptive!$4:$4,0),FALSE),0) -> 0 | S96: =IFERROR(VLOOKUP($E96,Adaptive!$A:$J,MATCH(S$8,Adaptive!$4:$4,0),FALSE),0) -> 0 | T96: =IFERROR(VLOOKUP($E96,Adaptive!$A:$J,MATCH(T$8,Adaptive!$4:$4,0),FALSE),0) -> 0 | U96: =IFERROR(VLOOKUP($E96,Adaptive!$A:$J,MATCH(U$8,Adaptive!$4:$4,0),FALSE),0) -> 0 | V96: =IFERROR(VLOOKUP($E96,Adaptive!$A:$J,MATCH(V$8,Adaptive!$4:$4,0),FALSE),0) -> 0 | W96: =IFERROR(VLOOKUP($E96,Adaptive!$A:$J,MATCH(W$8,Adaptive!$4:$4,0),FALSE),0) -> 0 | X96: =IFERROR(VLOOKUP($E96,Adaptive!$A:$J,MATCH(X$8,Adaptive!$4:$4,0),FALSE),0) -> 0 | Y96: =F96*700 -> 1144.3454 | Z96: =_xlfn.XLOOKUP(B96,[1]Xref!$H:$H,[1]Xref!$A:$A) -> AU7389H | AA96: =SUM(M96:P96) -> 0 | AB96: =ROUNDUP(AA96/Y96,0) -> 0 | AC96: =AB96-SUMPRODUCT(AE96:AL96,$AE$6:$AL$6) -> 0 | AM96: =SUMPRODUCT(AE96:AL96,$AE$6:$AL$6)*700 -> 0 | AN96: =AC96*700 -> 0
A97: 50 | B97: 247298 | C97: MOLTONA/H2G6/BLK/59 | D97: FF MOLTO-NA-40383-59 | E97: FF MOLTO-NA-40383-118 | F97: 1.7655968265416515 | G97: 3234 | H97: 11198 | I97: 1432 | J97: 25758 | K97: 1590 | L97: 0 | M97: 0 | N97: 12758 | O97: 1590 | P97: 0 | Q97: =IFERROR(VLOOKUP($E97,Adaptive!$A:$J,MATCH(Q$8,Adaptive!$4:$4,0),FALSE),0) -> 5000 | R97: =IFERROR(VLOOKUP($E97,Adaptive!$A:$J,MATCH(R$8,Adaptive!$4:$4,0),FALSE),0) -> 0 | S97: =IFERROR(VLOOKUP($E97,Adaptive!$A:$J,MATCH(S$8,Adaptive!$4:$4,0),FALSE),0) -> 0 | T97: =IFERROR(VLOOKUP($E97,Adaptive!$A:$J,MATCH(T$8,Adaptive!$4:$4,0),FALSE),0) -> 6198 | U97: =IFERROR(VLOOKUP($E97,Adaptive!$A:$J,MATCH(U$8,Adaptive!$4:$4,0),FALSE),0) -> 11198 | V97: =IFERROR(VLOOKUP($E97,Adaptive!$A:$J,MATCH(V$8,Adaptive!$4:$4,0),FALSE),0) -> 0 | W97: =IFERROR(VLOOKUP($E97,Adaptive!$A:$J,MATCH(W$8,Adaptive!$4:$4,0),FALSE),0) -> 0 | X97: =IFERROR(VLOOKUP($E97,Adaptive!$A:$J,MATCH(X$8,Adaptive!$4:$4,0),FALSE),0) -> 0 | Y97: =F97*700 -> 1235.9178 | Z97: =_xlfn.XLOOKUP(B97,[1]Xref!$H:$H,[1]Xref!$A:$A) -> AU7389G | AA97: =SUM(M97:P97) -> 14348 | AB97: =ROUNDUP(AA97/Y97,0) -> 12 | AC97: =AB97-SUMPRODUCT(AE97:AL97,$AE$6:$AL$6) -> 12 | AM97: =SUMPRODUCT(AE97:AL97,$AE$6:$AL$6)*700 -> 0 | AN97: =AC97*700 -> 8400
A98: 50 | B98: 247807 | C98: TAFFETA/TITANIUM221/50 | D98: 247807 | E98: 247807 | I98: 270 | J98: 0 | K98: 0 | L98: 0 | M98: 0 | N98: 0 | O98: 0 | P98: 0 | Q98: =IFERROR(VLOOKUP($E98,Adaptive!$A:$J,MATCH(Q$8,Adaptive!$4:$4,0),FALSE),0) -> 0 | R98: =IFERROR(VLOOKUP($E98,Adaptive!$A:$J,MATCH(R$8,Adaptive!$4:$4,0),FALSE),0) -> 0 | S98: =IFERROR(VLOOKUP($E98,Adaptive!$A:$J,MATCH(S$8,Adaptive!$4:$4,0),FALSE),0) -> 0 | T98: =IFERROR(VLOOKUP($E98,Adaptive!$A:$J,MATCH(T$8,Adaptive!$4:$4,0),FALSE),0) -> 0 | U98: =IFERROR(VLOOKUP($E98,Adaptive!$A:$J,MATCH(U$8,Adaptive!$4:$4,0),FALSE),0) -> 0 | V98: =IFERROR(VLOOKUP($E98,Adaptive!$A:$J,MATCH(V$8,Adaptive!$4:$4,0),FALSE),0) -> 0 | W98: =IFERROR(VLOOKUP($E98,Adaptive!$A:$J,MATCH(W$8,Adaptive!$4:$4,0),FALSE),0) -> 0 | X98: =IFERROR(VLOOKUP($E98,Adaptive!$A:$J,MATCH(X$8,Adaptive!$4:$4,0),FALSE),0) -> 0 | Y98: =F98*700 -> 0 | Z98: =_xlfn.XLOOKUP(B98,[1]Xref!$H:$H,[1]Xref!$A:$A) -> #N/A | AA98: =SUM(M98:P98) -> 0 | AB98: =ROUNDUP(AA98/Y98,0) -> #DIV/0! | AC98: =AB98-SUMPRODUCT(AE98:AL98,$AE$6:$AL$6) -> #DIV/0! | AM98: =SUMPRODUCT(AE98:AL98,$AE$6:$AL$6)*700 -> 0 | AN98: 0
A99: 50 | B99: 247823 | C99: TR684B/NH802L/LJG/60 | D99: FF TR684B-40760-60 | E99: FF TR684B-40760-120 | F99: 2.914285714285714 | I99: 0 | J99: 0 | K99: 0 | L99: 0 | M99: 0 | N99: 0 | O99: 0 | P99: 0 | Q99: =IFERROR(VLOOKUP($E99,Adaptive!$A:$J,MATCH(Q$8,Adaptive!$4:$4,0),FALSE),0) -> 0 | R99: =IFERROR(VLOOKUP($E99,Adaptive!$A:$J,MATCH(R$8,Adaptive!$4:$4,0),FALSE),0) -> 0 | S99: =IFERROR(VLOOKUP($E99,Adaptive!$A:$J,MATCH(S$8,Adaptive!$4:$4,0),FALSE),0) -> 0 | T99: =IFERROR(VLOOKUP($E99,Adaptive!$A:$J,MATCH(T$8,Adaptive!$4:$4,0),FALSE),0) -> 0 | U99: =IFERROR(VLOOKUP($E99,Adaptive!$A:$J,MATCH(U$8,Adaptive!$4:$4,0),FALSE),0) -> 0 | V99: =IFERROR(VLOOKUP($E99,Adaptive!$A:$J,MATCH(V$8,Adaptive!$4:$4,0),FALSE),0) -> 0 | W99: =IFERROR(VLOOKUP($E99,Adaptive!$A:$J,MATCH(W$8,Adaptive!$4:$4,0),FALSE),0) -> 0 | X99: =IFERROR(VLOOKUP($E99,Adaptive!$A:$J,MATCH(X$8,Adaptive!$4:$4,0),FALSE),0) -> 0 | Y99: =F99*700 -> 2040 | Z99: =_xlfn.XLOOKUP(B99,[1]Xref!$H:$H,[1]Xref!$A:$A) -> AU3426H | AA99: =SUM(M99:P99) -> 0 | AB99: =ROUNDUP(AA99/Y99,0) -> 0 | AC99: =AB99-SUMPRODUCT(AE99:AL99,$AE$6:$AL$6) -> 0 | AM99: =SUMPRODUCT(AE99:AL99,$AE$6:$AL$6)*700 -> 0 | AN99: =AC99*700 -> 0
A100: 50 | B100: 248002 | C100: MOLTOSSX/J002/FROMG/73 | D100: FF MOLTOSSX-NA-41320-73 | E100: FF MOLTOSSX-NA-41320-146 | F100: 1.4269892159720199 | G100: 194 | I100: 695 | J100: 708 | K100: 0 | L100: 0 | M100: 501 | N100: 708 | O100: 0 | P100: 0 | Q100: =IFERROR(VLOOKUP($E100,Adaptive!$A:$J,MATCH(Q$8,Adaptive!$4:$4,0),FALSE),0) -> 0 | R100: =IFERROR(VLOOKUP($E100,Adaptive!$A:$J,MATCH(R$8,Adaptive!$4:$4,0),FALSE),0) -> 0 | S100: =IFERROR(VLOOKUP($E100,Adaptive!$A:$J,MATCH(S$8,Adaptive!$4:$4,0),FALSE),0) -> 0 | T100: =IFERROR(VLOOKUP($E100,Adaptive!$A:$J,MATCH(T$8,Adaptive!$4:$4,0),FALSE),0) -> 0 | U100: =IFERROR(VLOOKUP($E100,Adaptive!$A:$J,MATCH(U$8,Adaptive!$4:$4,0),FALSE),0) -> 0 | V100: =IFERROR(VLOOKUP($E100,Adaptive!$A:$J,MATCH(V$8,Adaptive!$4:$4,0),FALSE),0) -> 0 | W100: =IFERROR(VLOOKUP($E100,Adaptive!$A:$J,MATCH(W$8,Adaptive!$4:$4,0),FALSE),0) -> 0 | X100: =IFERROR(VLOOKUP($E100,Adaptive!$A:$J,MATCH(X$8,Adaptive!$4:$4,0),FALSE),0) -> 0 | Y100: =F100*700 -> 998.89245 | Z100: =_xlfn.XLOOKUP(B100,[1]Xref!$H:$H,[1]Xref!$A:$A) -> AU7538B | AA100: =SUM(M100:P100) -> 1209 | AB100: =ROUNDUP(AA100/Y100,0) -> 2 | AC100: =AB100-SUMPRODUCT(AE100:AL100,$AE$6:$AL$6) -> 2 | AM100: =SUMPRODUCT(AE100:AL100,$AE$6:$AL$6)*700 -> 0 | AN100: =AC100*700 -> 1400
...

Sheet Adaptive
A3: Sum of Adaptive Qty | B3: Column Labels
A4: Row Labels | B4: 45882 | C4: 45883 | D4: 45884 | E4: 45887 | F4: Grand Total
A5: FF ANMUT-C-NA-40487-132 | E5: 6808 | F5: 6808
A6: FF ANMUT-C-NA-40488-132 | C6: 6760 | F6: 6760
A7: FF ARCTIC-39811-136 | B7: 10822 | D7: 8300 | F7: 19122
A8: FF ARCTIC-39811-146 | C8: 3300 | F8: 3300
A9: FF ARCTIC-40506-126 | C9: 2202 | F9: 2202
A10: FF AU3426M-38840-128 | C10: 7998 | F10: 7998
A11: FF AURA30000-40359-136 | C11: 14764 | F11: 14764
A12: FF LYRICHELHS-41114-126 | C12: 7750 | F12: 7750
A13: FF LYRICP-40542-110 | C13: 2200 | F13: 2200
A14: FF LYRICRSS-40582-128 | C14: 1830 | F14: 1830
A15: FF MESA-39307-126 | B15: 4050 | C15: 10110 | F15: 14160
A16: FF MESA-40241-126 | C16: 2100 | F16: 2100
A17: FF MOLTO-NA-40383-118 | B17: 5000 | E17: 6198 | F17: 11198
A18: FF MOLTO-NA-41256-128 | C18: 2500 | F18: 2500
A19: FF MOLTOX-NA-40771-124 | B19: 1500 | F19: 1500
A20: FF PROVT-NDWR-40973-122 | B20: 5966 | C20: 11932 | F20: 17898
A21: FF SPRUCE-39433-134 | B21: 7782 | F21: 7782
A22: FF TAFFETAHP-41026-134 | B22: 1950 | F22: 1950
A23: FF TR570B-39777-144 | C23: 8400 | F23: 8400
A24: FF TR665B-40477-130 | C24: 1650 | F24: 1650
A25: FF TR665B-40478-130 | D25: 1902 | F25: 1902
A26: FF TR684B-40610-120 | D26: 17016 | E26: 8508 | F26: 25524
A27: Grand Total | B27: 37070 | C27: 83496 | D27: 27218 | E27: 21514 | F27: 169298
